bull_name,url
Weinterper Solution,https://apps.crv4all.nl/siresearch/nl/detail/background/NLDM000879035453
De Pettershoeve Jetbead,https://apps.crv4all.nl/siresearch/nl/detail/background/NLDM000654340846
Poppe Red Hot Neymar,https://apps.crv4all.nl/siresearch/nl/detail/background/NLDM000580721821
Florius,https://apps.crv4all.nl/siresearch/nl/detail/background/NLDM000935516829
American Dreamtime Rf P,https://apps.crv4all.nl/siresearch/nl/detail/background/NLDM000964733781
Holbra Adori,https://apps.crv4all.nl/siresearch/nl/detail/background/NLDM000733557981
Weinterper Solution,https://apps.crv4all.nl/siresearch/nl/detail/background/NLDM000879035453
De Pettershoeve Jetbead,https://apps.crv4all.nl/siresearch/nl/detail/background/NLDM000654340846
Poppe Red Hot Neymar,https://apps.crv4all.nl/siresearch/nl/detail/background/NLDM000580721821
Florius,https://apps.crv4all.nl/siresearch/nl/detail/background/NLDM000935516829
American Dreamtime Rf P,https://apps.crv4all.nl/siresearch/nl/detail/background/NLDM000964733781
Holbra Adori,https://apps.crv4all.nl/siresearch/nl/detail/background/NLDM000733557981
Weinterper Solution,https://apps.crv4all.nl/siresearch/nl/detail/background/NLDM000879035453
De Pettershoeve Jetbead,https://apps.crv4all.nl/siresearch/nl/detail/background/NLDM000654340846
Poppe Red Hot Neymar,https://apps.crv4all.nl/siresearch/nl/detail/background/NLDM000580721821
Florius,https://apps.crv4all.nl/siresearch/nl/detail/background/NLDM000935516829
American Dreamtime Rf P,https://apps.crv4all.nl/siresearch/nl/detail/background/NLDM000964733781
Holbra Adori,https://apps.crv4all.nl/siresearch/nl/detail/background/NLDM000733557981
Weinterper Solution,https://apps.crv4all.nl/siresearch/nl/detail/background/NLDM000879035453
De Pettershoeve Jetbead,https://apps.crv4all.nl/siresearch/nl/detail/background/NLDM000654340846
Poppe Red Hot Neymar,https://apps.crv4all.nl/siresearch/nl/detail/background/NLDM000580721821
Florius,https://apps.crv4all.nl/siresearch/nl/detail/background/NLDM000935516829
American Dreamtime Rf P,https://apps.crv4all.nl/siresearch/nl/detail/background/NLDM000964733781
Holbra Adori,https://apps.crv4all.nl/siresearch/nl/detail/background/NLDM000733557981
Weinterper Solution,https://apps.crv4all.nl/siresearch/nl/detail/background/NLDM000879035453
De Pettershoeve Jetbead,https://apps.crv4all.nl/siresearch/nl/detail/background/NLDM000654340846
Poppe Red Hot Neymar,https://apps.crv4all.nl/siresearch/nl/detail/background/NLDM000580721821
Florius,https://apps.crv4all.nl/siresearch/nl/detail/background/NLDM000935516829
American Dreamtime Rf P,https://apps.crv4all.nl/siresearch/nl/detail/background/NLDM000964733781
Holbra Adori,https://apps.crv4all.nl/siresearch/nl/detail/background/NLDM000733557981
Weinterper Solution,https://apps.crv4all.nl/siresearch/nl/detail/background/NLDM000879035453
De Pettershoeve Jetbead,https://apps.crv4all.nl/siresearch/nl/detail/background/NLDM000654340846
Poppe Red Hot Neymar,https://apps.crv4all.nl/siresearch/nl/detail/background/NLDM000580721821
Florius,https://apps.crv4all.nl/siresearch/nl/detail/background/NLDM000935516829
American Dreamtime Rf P,https://apps.crv4all.nl/siresearch/nl/detail/background/NLDM000964733781
Holbra Adori,https://apps.crv4all.nl/siresearch/nl/detail/background/NLDM000733557981
Weinterper Solution,https://apps.crv4all.nl/siresearch/nl/detail/background/NLDM000879035453
De Pettershoeve Jetbead,https://apps.crv4all.nl/siresearch/nl/detail/background/NLDM000654340846
Poppe Red Hot Neymar,https://apps.crv4all.nl/siresearch/nl/detail/background/NLDM000580721821
Florius,https://apps.crv4all.nl/siresearch/nl/detail/background/NLDM000935516829
American Dreamtime Rf P,https://apps.crv4all.nl/siresearch/nl/detail/background/NLDM000964733781
Holbra Adori,https://apps.crv4all.nl/siresearch/nl/detail/background/NLDM000733557981
Weinterper Solution,https://apps.crv4all.nl/siresearch/nl/detail/background/NLDM000879035453
De Pettershoeve Jetbead,https://apps.crv4all.nl/siresearch/nl/detail/background/NLDM000654340846
Poppe Red Hot Neymar,https://apps.crv4all.nl/siresearch/nl/detail/background/NLDM000580721821
Florius,https://apps.crv4all.nl/siresearch/nl/detail/background/NLDM000935516829
American Dreamtime Rf P,https://apps.crv4all.nl/siresearch/nl/detail/background/NLDM000964733781
Holbra Adori,https://apps.crv4all.nl/siresearch/nl/detail/background/NLDM000733557981
Weinterper Solution,https://apps.crv4all.nl/siresearch/nl/detail/background/NLDM000879035453
De Pettershoeve Jetbead,https://apps.crv4all.nl/siresearch/nl/detail/background/NLDM000654340846
Poppe Red Hot Neymar,https://apps.crv4all.nl/siresearch/nl/detail/background/NLDM000580721821
Florius,https://apps.crv4all.nl/siresearch/nl/detail/background/NLDM000935516829
American Dreamtime Rf P,https://apps.crv4all.nl/siresearch/nl/detail/background/NLDM000964733781
Holbra Adori,https://apps.crv4all.nl/siresearch/nl/detail/background/NLDM000733557981
Kik Divine,https://apps.crv4all.nl/siresearch/nl/detail/background/NLDM000935364071
Koepon Powerset,https://apps.crv4all.nl/siresearch/nl/detail/background/NLDM000584593572
Kik Divine,https://apps.crv4all.nl/siresearch/nl/detail/background/NLDM000935364071
Koepon Powerset,https://apps.crv4all.nl/siresearch/nl/detail/background/NLDM000584593572
Kik Divine,https://apps.crv4all.nl/siresearch/nl/detail/background/NLDM000935364071
Koepon Powerset,https://apps.crv4all.nl/siresearch/nl/detail/background/NLDM000584593572
Kik Divine,https://apps.crv4all.nl/siresearch/nl/detail/background/NLDM000935364071
Koepon Powerset,https://apps.crv4all.nl/siresearch/nl/detail/background/NLDM000584593572
Kik Divine,https://apps.crv4all.nl/siresearch/nl/detail/background/NLDM000935364071
Koepon Powerset,https://apps.crv4all.nl/siresearch/nl/detail/background/NLDM000584593572
Kik Divine,https://apps.crv4all.nl/siresearch/nl/detail/background/NLDM000935364071
Koepon Powerset,https://apps.crv4all.nl/siresearch/nl/detail/background/NLDM000584593572
Kik Divine,https://apps.crv4all.nl/siresearch/nl/detail/background/NLDM000935364071
Koepon Powerset,https://apps.crv4all.nl/siresearch/nl/detail/background/NLDM000584593572
Kik Divine,https://apps.crv4all.nl/siresearch/nl/detail/background/NLDM000935364071
Koepon Powerset,https://apps.crv4all.nl/siresearch/nl/detail/background/NLDM000584593572
Kik Divine,https://apps.crv4all.nl/siresearch/nl/detail/background/NLDM000935364071
Koepon Powerset,https://apps.crv4all.nl/siresearch/nl/detail/background/NLDM000584593572
Kik Divine,https://apps.crv4all.nl/siresearch/nl/detail/background/NLDM000935364071
Koepon Powerset,https://apps.crv4all.nl/siresearch/nl/detail/background/NLDM000584593572
De Volmer Dropshot Rf,https://apps.crv4all.nl/siresearch/nl/detail/background/NLDM000592640639
Peeldijker Jobson,https://apps.crv4all.nl/siresearch/nl/detail/background/NLDM000687591167
De Volmer Dropshot Rf,https://apps.crv4all.nl/siresearch/nl/detail/background/NLDM000592640639
Peeldijker Jobson,https://apps.crv4all.nl/siresearch/nl/detail/background/NLDM000687591167
De Volmer Dropshot Rf,https://apps.crv4all.nl/siresearch/nl/detail/background/NLDM000592640639
Peeldijker Jobson,https://apps.crv4all.nl/siresearch/nl/detail/background/NLDM000687591167
De Volmer Dropshot Rf,https://apps.crv4all.nl/siresearch/nl/detail/background/NLDM000592640639
Peeldijker Jobson,https://apps.crv4all.nl/siresearch/nl/detail/background/NLDM000687591167
De Volmer Dropshot Rf,https://apps.crv4all.nl/siresearch/nl/detail/background/NLDM000592640639
Peeldijker Jobson,https://apps.crv4all.nl/siresearch/nl/detail/background/NLDM000687591167
De Volmer Dropshot Rf,https://apps.crv4all.nl/siresearch/nl/detail/background/NLDM000592640639
Peeldijker Jobson,https://apps.crv4all.nl/siresearch/nl/detail/background/NLDM000687591167
De Volmer Dropshot Rf,https://apps.crv4all.nl/siresearch/nl/detail/background/NLDM000592640639
Peeldijker Jobson,https://apps.crv4all.nl/siresearch/nl/detail/background/NLDM000687591167
De Volmer Dropshot Rf,https://apps.crv4all.nl/siresearch/nl/detail/background/NLDM000592640639
Peeldijker Jobson,https://apps.crv4all.nl/siresearch/nl/detail/background/NLDM000687591167
De Volmer Dropshot Rf,https://apps.crv4all.nl/siresearch/nl/detail/background/NLDM000592640639
Peeldijker Jobson,https://apps.crv4all.nl/siresearch/nl/detail/background/NLDM000687591167
De Volmer Dropshot Rf,https://apps.crv4all.nl/siresearch/nl/detail/background/NLDM000592640639
Peeldijker Jobson,https://apps.crv4all.nl/siresearch/nl/detail/background/NLDM000687591167
De Volmer Dropshot Rf,https://apps.crv4all.nl/siresearch/nl/detail/background/NLDM000592640639
Peeldijker Jobson,https://apps.crv4all.nl/siresearch/nl/detail/background/NLDM000687591167
De Volmer Dropshot Rf,https://apps.crv4all.nl/siresearch/nl/detail/background/NLDM000592640639
Peeldijker Jobson,https://apps.crv4all.nl/siresearch/nl/detail/background/NLDM000687591167
De Volmer Dropshot Rf,https://apps.crv4all.nl/siresearch/nl/detail/background/NLDM000592640639
Peeldijker Jobson,https://apps.crv4all.nl/siresearch/nl/detail/background/NLDM000687591167
De Volmer Dropshot Rf,https://apps.crv4all.nl/siresearch/nl/detail/background/NLDM000592640639
Peeldijker Jobson,https://apps.crv4all.nl/siresearch/nl/detail/background/NLDM000687591167
De Volmer Dropshot Rf,https://apps.crv4all.nl/siresearch/nl/detail/background/NLDM000592640639
Peeldijker Jobson,https://apps.crv4all.nl/siresearch/nl/detail/background/NLDM000687591167
De Volmer Dropshot Rf,https://apps.crv4all.nl/siresearch/nl/detail/background/NLDM000592640639
Peeldijker Jobson,https://apps.crv4all.nl/siresearch/nl/detail/background/NLDM000687591167
Giessen Utopia,https://apps.crv4all.nl/siresearch/nl/detail/background/NLDM000756624448
Willem’s-Hoeve Steyr,https://apps.crv4all.nl/siresearch/nl/detail/background/NLDM000546723092
Giessen Utopia,https://apps.crv4all.nl/siresearch/nl/detail/background/NLDM000756624448
Willem’s-Hoeve Steyr,https://apps.crv4all.nl/siresearch/nl/detail/background/NLDM000546723092
Giessen Utopia,https://apps.crv4all.nl/siresearch/nl/detail/background/NLDM000756624448
Willem’s-Hoeve Steyr,https://apps.crv4all.nl/siresearch/nl/detail/background/NLDM000546723092
Giessen Utopia,https://apps.crv4all.nl/siresearch/nl/detail/background/NLDM000756624448
Willem’s-Hoeve Steyr,https://apps.crv4all.nl/siresearch/nl/detail/background/NLDM000546723092
Giessen Utopia,https://apps.crv4all.nl/siresearch/nl/detail/background/NLDM000756624448
Willem’s-Hoeve Steyr,https://apps.crv4all.nl/siresearch/nl/detail/background/NLDM000546723092
Giessen Utopia,https://apps.crv4all.nl/siresearch/nl/detail/background/NLDM000756624448
Willem’s-Hoeve Steyr,https://apps.crv4all.nl/siresearch/nl/detail/background/NLDM000546723092
Giessen Utopia,https://apps.crv4all.nl/siresearch/nl/detail/background/NLDM000756624448
Willem’s-Hoeve Steyr,https://apps.crv4all.nl/siresearch/nl/detail/background/NLDM000546723092
Giessen Utopia,https://apps.crv4all.nl/siresearch/nl/detail/background/NLDM000756624448
Willem’s-Hoeve Steyr,https://apps.crv4all.nl/siresearch/nl/detail/background/NLDM000546723092
Giessen Utopia,https://apps.crv4all.nl/siresearch/nl/detail/background/NLDM000756624448
Willem’s-Hoeve Steyr,https://apps.crv4all.nl/siresearch/nl/detail/background/NLDM000546723092
Giessen Utopia,https://apps.crv4all.nl/siresearch/nl/detail/background/NLDM000756624448
Willem’s-Hoeve Steyr,https://apps.crv4all.nl/siresearch/nl/detail/background/NLDM000546723092
Giessen Utopia,https://apps.crv4all.nl/siresearch/nl/detail/background/NLDM000756624448
Willem’s-Hoeve Steyr,https://apps.crv4all.nl/siresearch/nl/detail/background/NLDM000546723092
Giessen Utopia,https://apps.crv4all.nl/siresearch/nl/detail/background/NLDM000756624448
Willem’s-Hoeve Steyr,https://apps.crv4all.nl/siresearch/nl/detail/background/NLDM000546723092
Giessen Utopia,https://apps.crv4all.nl/siresearch/nl/detail/background/NLDM000756624448
Willem’s-Hoeve Steyr,https://apps.crv4all.nl/siresearch/nl/detail/background/NLDM000546723092
Giessen Utopia,https://apps.crv4all.nl/siresearch/nl/detail/background/NLDM000756624448
Willem’s-Hoeve Steyr,https://apps.crv4all.nl/siresearch/nl/detail/background/NLDM000546723092
Giessen Utopia,https://apps.crv4all.nl/siresearch/nl/detail/background/NLDM000756624448
Willem’s-Hoeve Steyr,https://apps.crv4all.nl/siresearch/nl/detail/background/NLDM000546723092
Giessen Utopia,https://apps.crv4all.nl/siresearch/nl/detail/background/NLDM000756624448
Willem’s-Hoeve Steyr,https://apps.crv4all.nl/siresearch/nl/detail/background/NLDM000546723092
Giessen Utopia,https://apps.crv4all.nl/siresearch/nl/detail/background/NLDM000756624448
Willem’s-Hoeve Steyr,https://apps.crv4all.nl/siresearch/nl/detail/background/NLDM000546723092
Giessen Utopia,https://apps.crv4all.nl/siresearch/nl/detail/background/NLDM000756624448
Willem’s-Hoeve Steyr,https://apps.crv4all.nl/siresearch/nl/detail/background/NLDM000546723092
Peeldijker High Five,https://apps.crv4all.nl/siresearch/nl/detail/background/NLDM000687591275
BEEZE RED HOT ALROY,https://apps.crv4all.nl/siresearch/nl/detail/background/NLDM000741522694
Peeldijker High Five,https://apps.crv4all.nl/siresearch/nl/detail/background/NLDM000687591275
BEEZE RED HOT ALROY,https://apps.crv4all.nl/siresearch/nl/detail/background/NLDM000741522694
Peeldijker High Five,https://apps.crv4all.nl/siresearch/nl/detail/background/NLDM000687591275
BEEZE RED HOT ALROY,https://apps.crv4all.nl/siresearch/nl/detail/background/NLDM000741522694
Peeldijker High Five,https://apps.crv4all.nl/siresearch/nl/detail/background/NLDM000687591275
BEEZE RED HOT ALROY,https://apps.crv4all.nl/siresearch/nl/detail/background/NLDM000741522694
Peeldijker High Five,https://apps.crv4all.nl/siresearch/nl/detail/background/NLDM000687591275
BEEZE RED HOT ALROY,https://apps.crv4all.nl/siresearch/nl/detail/background/NLDM000741522694
Peeldijker High Five,https://apps.crv4all.nl/siresearch/nl/detail/background/NLDM000687591275
BEEZE RED HOT ALROY,https://apps.crv4all.nl/siresearch/nl/detail/background/NLDM000741522694
Peeldijker High Five,https://apps.crv4all.nl/siresearch/nl/detail/background/NLDM000687591275
BEEZE RED HOT ALROY,https://apps.crv4all.nl/siresearch/nl/detail/background/NLDM000741522694
Peeldijker High Five,https://apps.crv4all.nl/siresearch/nl/detail/background/NLDM000687591275
BEEZE RED HOT ALROY,https://apps.crv4all.nl/siresearch/nl/detail/background/NLDM000741522694
Peeldijker High Five,https://apps.crv4all.nl/siresearch/nl/detail/background/NLDM000687591275
BEEZE RED HOT ALROY,https://apps.crv4all.nl/siresearch/nl/detail/background/NLDM000741522694
Peeldijker High Five,https://apps.crv4all.nl/siresearch/nl/detail/background/NLDM000687591275
BEEZE RED HOT ALROY,https://apps.crv4all.nl/siresearch/nl/detail/background/NLDM000741522694
Peeldijker High Five,https://apps.crv4all.nl/siresearch/nl/detail/background/NLDM000687591275
BEEZE RED HOT ALROY,https://apps.crv4all.nl/siresearch/nl/detail/background/NLDM000741522694
Peeldijker High Five,https://apps.crv4all.nl/siresearch/nl/detail/background/NLDM000687591275
BEEZE RED HOT ALROY,https://apps.crv4all.nl/siresearch/nl/detail/background/NLDM000741522694
Peeldijker High Five,https://apps.crv4all.nl/siresearch/nl/detail/background/NLDM000687591275
BEEZE RED HOT ALROY,https://apps.crv4all.nl/siresearch/nl/detail/background/NLDM000741522694
Peeldijker High Five,https://apps.crv4all.nl/siresearch/nl/detail/background/NLDM000687591275
BEEZE RED HOT ALROY,https://apps.crv4all.nl/siresearch/nl/detail/background/NLDM000741522694
Peeldijker High Five,https://apps.crv4all.nl/siresearch/nl/detail/background/NLDM000687591275
BEEZE RED HOT ALROY,https://apps.crv4all.nl/siresearch/nl/detail/background/NLDM000741522694
Peeldijker High Five,https://apps.crv4all.nl/siresearch/nl/detail/background/NLDM000687591275
BEEZE RED HOT ALROY,https://apps.crv4all.nl/siresearch/nl/detail/background/NLDM000741522694
Peeldijker High Five,https://apps.crv4all.nl/siresearch/nl/detail/background/NLDM000687591275
BEEZE RED HOT ALROY,https://apps.crv4all.nl/siresearch/nl/detail/background/NLDM000741522694
Peeldijker High Five,https://apps.crv4all.nl/siresearch/nl/detail/background/NLDM000687591275
BEEZE RED HOT ALROY,https://apps.crv4all.nl/siresearch/nl/detail/background/NLDM000741522694
Peeldijker High Five,https://apps.crv4all.nl/siresearch/nl/detail/background/NLDM000687591275
BEEZE RED HOT ALROY,https://apps.crv4all.nl/siresearch/nl/detail/background/NLDM000741522694
VDR Shakespeare,https://apps.crv4all.nl/siresearch/nl/detail/background/NLDM000632592177
VDR Shakespeare,https://apps.crv4all.nl/siresearch/nl/detail/background/NLDM000632592177
VDR Shakespeare,https://apps.crv4all.nl/siresearch/nl/detail/background/NLDM000632592177
VDR Shakespeare,https://apps.crv4all.nl/siresearch/nl/detail/background/NLDM000632592177
VDR Shakespeare,https://apps.crv4all.nl/siresearch/nl/detail/background/NLDM000632592177
VDR Shakespeare,https://apps.crv4all.nl/siresearch/nl/detail/background/NLDM000632592177
VDR Saul Hudson,https://apps.crv4all.nl/siresearch/nl/detail/background/NLDM000632591910
VDR Saul Hudson,https://apps.crv4all.nl/siresearch/nl/detail/background/NLDM000632591910
VDR Saul Hudson,https://apps.crv4all.nl/siresearch/nl/detail/background/NLDM000632591910
VDR Saul Hudson,https://apps.crv4all.nl/siresearch/nl/detail/background/NLDM000632591910
VDR Saul Hudson,https://apps.crv4all.nl/siresearch/nl/detail/background/NLDM000632591910
VDR Saul Hudson,https://apps.crv4all.nl/siresearch/nl/detail/background/NLDM000632591910
VDR Saul Hudson,https://apps.crv4all.nl/siresearch/nl/detail/background/NLDM000632591910
VDR Saul Hudson,https://apps.crv4all.nl/siresearch/nl/detail/background/NLDM000632591910
VDR Saul Hudson,https://apps.crv4all.nl/siresearch/nl/detail/background/NLDM000632591910
VDR Saul Hudson,https://apps.crv4all.nl/siresearch/nl/detail/background/NLDM000632591910
VDR Saul Hudson,https://apps.crv4all.nl/siresearch/nl/detail/background/NLDM000632591910
VDR Saul Hudson,https://apps.crv4all.nl/siresearch/nl/detail/background/NLDM000632591910
VDR Saul Hudson,https://apps.crv4all.nl/siresearch/nl/detail/background/NLDM000632591910
VDR Saul Hudson,https://apps.crv4all.nl/siresearch/nl/detail/background/NLDM000632591910
VDR Saul Hudson,https://apps.crv4all.nl/siresearch/nl/detail/background/NLDM000632591910
VDR Saul Hudson,https://apps.crv4all.nl/siresearch/nl/detail/background/NLDM000632591910
VDR Saul Hudson,https://apps.crv4all.nl/siresearch/nl/detail/background/NLDM000632591910
VDR Saul Hudson,https://apps.crv4all.nl/siresearch/nl/detail/background/NLDM000632591910
VDR Saul Hudson,https://apps.crv4all.nl/siresearch/nl/detail/background/NLDM000632591910
VDR Saul Hudson,https://apps.crv4all.nl/siresearch/nl/detail/background/NLDM000632591910
VDR Saul Hudson,https://apps.crv4all.nl/siresearch/nl/detail/background/NLDM000632591910
VDR Saul Hudson,https://apps.crv4all.nl/siresearch/nl/detail/background/NLDM000632591910
VDR Saul Hudson,https://apps.crv4all.nl/siresearch/nl/detail/background/NLDM000632591910
VDR Saul Hudson,https://apps.crv4all.nl/siresearch/nl/detail/background/NLDM000632591910
VDR Saul Hudson,https://apps.crv4all.nl/siresearch/nl/detail/background/NLDM000632591910
VDR Saul Hudson,https://apps.crv4all.nl/siresearch/nl/detail/background/NLDM000632591910
VDR Saul Hudson,https://apps.crv4all.nl/siresearch/nl/detail/background/NLDM000632591910
VDR Saul Hudson,https://apps.crv4all.nl/siresearch/nl/detail/background/NLDM000632591910
VDR Saul Hudson,https://apps.crv4all.nl/siresearch/nl/detail/background/NLDM000632591910
VDR Saul Hudson,https://apps.crv4all.nl/siresearch/nl/detail/background/NLDM000632591910
VDR Saul Hudson,https://apps.crv4all.nl/siresearch/nl/detail/background/NLDM000632591910
VDR Saul Hudson,https://apps.crv4all.nl/siresearch/nl/detail/background/NLDM000632591910
VDR Saul Hudson,https://apps.crv4all.nl/siresearch/nl/detail/background/NLDM000632591910
VDR Saul Hudson,https://apps.crv4all.nl/siresearch/nl/detail/background/NLDM000632591910
VDR Saul Hudson,https://apps.crv4all.nl/siresearch/nl/detail/background/NLDM000632591910
VDR Saul Hudson,https://apps.crv4all.nl/siresearch/nl/detail/background/NLDM000632591910
VDR Saul Hudson,https://apps.crv4all.nl/siresearch/nl/detail/background/NLDM000632591910
VDR Saul Hudson,https://apps.crv4all.nl/siresearch/nl/detail/background/NLDM000632591910
VDR Saul Hudson,https://apps.crv4all.nl/siresearch/nl/detail/background/NLDM000632591910
VDR Saul Hudson,https://apps.crv4all.nl/siresearch/nl/detail/background/NLDM000632591910
Vandenberg Sneaker,https://apps.crv4all.nl/siresearch/nl/detail/background/NLDM000936200505
Katershorst Job,https://apps.crv4all.nl/siresearch/nl/detail/background/NLDM000759464722
Vandenberg Sneaker,https://apps.crv4all.nl/siresearch/nl/detail/background/NLDM000936200505
Katershorst Job,https://apps.crv4all.nl/siresearch/nl/detail/background/NLDM000759464722
Vandenberg Sneaker,https://apps.crv4all.nl/siresearch/nl/detail/background/NLDM000936200505
Katershorst Job,https://apps.crv4all.nl/siresearch/nl/detail/background/NLDM000759464722
Vandenberg Sneaker,https://apps.crv4all.nl/siresearch/nl/detail/background/NLDM000936200505
Katershorst Job,https://apps.crv4all.nl/siresearch/nl/detail/background/NLDM000759464722
Vandenberg Sneaker,https://apps.crv4all.nl/siresearch/nl/detail/background/NLDM000936200505
Katershorst Job,https://apps.crv4all.nl/siresearch/nl/detail/background/NLDM000759464722
