cow,aaa_bull,aaa_cow,no,stier,color_cow,aandacht,dad_name,dad_code,dadsdad_name,dadsdad_code,mom_name,mom_nr,momsdad_name,momsdad_code,momsmom_name,momsmom_code,match,nummer,birth,color_bull,bull_name,bull_dad,bulls_moms_dad,code,accuracy,score_prod,score_kg_eiwit,score_kg_vet,score_eiwit,score_vet,score_laatrijpheid,score_persistentie,score_vruchtbaarheid,score_uier,score_klauw,score_melksnelheid,score_afkalfgemak,index_inet,index_inet_nvo,index_nvi,index_tip,ziekte_stofwisseling,ziekte_reproductie,ziekte_celgetal,ext_frame,ext_type,ext_uier,ext_beenwerk,ext_totaal exterieur,ext_hoogtemaat,ext_voorhand,ext_inhoud,ext_openheid,ext_conditie score,ext_kruisligging,ext_kruisbreedte,ext_beenstand achter,ext_beenstand zij,ext_klauwhoek,ext_voorbeenstand,ext_beengebruik,ext_vooruieraanhechting,ext_voorspeenplaatsing,ext_speenlengte,ext_uierdiepte,ext_achteruierhoogte,ext_ophangband,ext_achterspeenplaatsing,kik,kik_adv,kiv,score_aanhouding,score_bevruchting,is_inteelt,n,rank
69,135,153,1169,Baarlinger Martijn,RB,,RED BANDIT,NL 7568 9515 2,MOLENKAMP ANDY,NL 4964 4272 0,JANS 2,NL 8974 0747 8 (78),EASTLAND VIGGO,NL 5276 7200 9,JANS 839,NL 3770 4139 0 (76),0.95,NLDM000931835302,2012,RB,Baarlinger Martijn,Beukenhof 346 Ideal,Kian,39706,97,448,19,34,0.03,0.16,104,102,99,98,99,102,97,155,78,67,101,101,99,98,97,99,107,100,103,106,95,104,108,91,104,99,100,99,102,91,100,105,103,100,107,106,105,102,,,,,,FALSE,2,2
69,513,153,1169,Baarlinger Martijn,RB,,RED BANDIT,NL 7568 9515 2,MOLENKAMP ANDY,NL 4964 4272 0,JANS 2,NL 8974 0747 8 (78),EASTLAND VIGGO,NL 5276 7200 9,JANS 839,NL 3770 4139 0 (76),0.92,NLDM000671889948,2017,RB,Bentehoek Andy Red,Kingfarm Holsteins Anreli-Red,Bouw Rocky,781489,86,1354,59,100,0.11,0.42,100,103,103,100,104,103,101,470,236,277,280,,98,104,103,103,108,106,109,102,101,104,106,97,93,103,105,99,101,104,106,107,105,105,103,108,105,105,,,TRUE,,,FALSE,2,1
1392,135,153,1392,Broekhuizen Bart,RB,,VALKELO ANGELINO,NL 9316 6816 4,JOTANI,NL 7374 9229 9,JANS 853,NL 6648 1169 3 (69),RED BANDIT,NL 7568 9515 2,JANS 2,NL 8974 0747 8 (78),0.95,NLDM000931835302,2012,RB,Baarlinger Martijn,Beukenhof 346 Ideal,Kian,39706,97,448,19,34,0.03,0.16,104,102,99,98,99,102,97,155,78,67,101,101,99,98,97,99,107,100,103,106,95,104,108,91,104,99,100,99,102,91,100,105,103,100,107,106,105,102,,,,,,FALSE,2,2
1392,513,153,1392,Broekhuizen Bart,RB,,VALKELO ANGELINO,NL 9316 6816 4,JOTANI,NL 7374 9229 9,JANS 853,NL 6648 1169 3 (69),RED BANDIT,NL 7568 9515 2,JANS 2,NL 8974 0747 8 (78),0.92,NLDM000671889948,2017,RB,Bentehoek Andy Red,Kingfarm Holsteins Anreli-Red,Bouw Rocky,781489,86,1354,59,100,0.11,0.42,100,103,103,100,104,103,101,470,236,277,280,,98,104,103,103,108,106,109,102,101,104,106,97,93,103,105,99,101,104,106,107,105,105,103,108,105,105,,,TRUE,,,FALSE,2,1
52,135,315,1076,Vandenberg Sneaker,ZB,,BIG WINNER,NL 4297 5958 3,ART-ACRES WIN 395,NL 9701 1831 2,AGAAT 51,NL 6664 0949 0 (34),CHARITYMAN,NL 7651 2684 5,AGAAT 34,NL 5293 0669 8 (73),0.92,NLDM000890157800,2011,ZB,Veenhuizer Gesnow,Flevo Genetics Snowman,Poos Stadel Classic,766704,96,14,7,12,0.07,0.13,101,101,100,105,99,92,101,58,33,29,43,103,96,103,102,101,103,97,101,105,108,111,106,102,99,97,99,97,106,103,96,104,103,109,101,105,100,103,,,,,,FALSE,2,2
52,351,315,1076,Vandenberg Sneaker,ZB,,BIG WINNER,NL 4297 5958 3,ART-ACRES WIN 395,NL 9701 1831 2,AGAAT 51,NL 6664 0949 0 (34),CHARITYMAN,NL 7651 2684 5,AGAAT 34,NL 5293 0669 8 (73),0.95,NLDM000925887513,2012,ZB,Bouw Rocky,Ladys-Manor Pl Shamrock,De-Su Oman Goli-Et,940892,99,22,10,17,0.1,0.18,108,110,101,110,104,99,107,77,46,158,267,100,99,109,103,106,107,102,107,102,109,107,104,107,95,107,101,98,104,108,102,109,109,90,106,104,100,100,,,,,,FALSE,2,1
86,153,153,1186,Vandenberg Sneaker,ZB,,,,,,,,,,,,1,NLDM000872390502,2016,ZB,Vdr Slash,Balu,Big Malki,361096,94,1049,59,56,0.23,0.12,104,107,103,105,111,91,101,369,202,259,286,,101,106,102,106,101,105,105,99,103,103,106,101,93,105,103,105,97,105,106,100,98,103,98,104,106,106,,,TRUE,,,FALSE,3,2
86,153,153,1186,Vandenberg Sneaker,ZB,,,,,,,,,,,,1,NLDM000916344441,2013,ZB,Mars Mandela,Mountfield Ssi Dcy Mogul,Charlesdale Superstition,768464,92,800,37,51,0.1,0.18,104,105,105,104,103,100,104,270,138,214,230,99,99,104,100,100,102,99,101,99,100,106,105,96,98,96,99,105,98,,100,100,101,101,98,103,102,99,,,,,,FALSE,3,3
86,513,153,1186,Vandenberg Sneaker,ZB,,,,,,,,,,,,0.92,NLDM000671889948,2017,RB,Bentehoek Andy Red,Kingfarm Holsteins Anreli-Red,Bouw Rocky,781489,86,1354,59,100,0.11,0.42,100,103,103,100,104,103,101,470,236,277,280,,98,104,103,103,108,106,109,102,101,104,106,97,93,103,105,99,101,104,106,107,105,105,103,108,105,105,,,TRUE,,,FALSE,3,1
85,153,513,1391,Vandenberg Sneaker,ZB,,MALAWI,NL 5870 1700 6,MAGISTER,NL 9342 7452 2,AGAAT 61,NL 6633 1154 1 (57),KIK Just in Time,NL 6643 6467 8,AGAAT 52,NL 6664 0958 4 (61),0.92,NLDM000916344441,2013,ZB,Mars Mandela,Mountfield Ssi Dcy Mogul,Charlesdale Superstition,768464,92,800,37,51,0.1,0.18,104,105,105,104,103,100,104,270,138,214,230,99,99,104,100,100,102,99,101,99,100,106,105,96,98,96,99,105,98,,100,100,101,101,98,103,102,99,,,,,,FALSE,3,2
85,513,513,1391,Vandenberg Sneaker,ZB,,MALAWI,NL 5870 1700 6,MAGISTER,NL 9342 7452 2,AGAAT 61,NL 6633 1154 1 (57),KIK Just in Time,NL 6643 6467 8,AGAAT 52,NL 6664 0958 4 (61),1,NLDM000671889948,2017,RB,Bentehoek Andy Red,Kingfarm Holsteins Anreli-Red,Bouw Rocky,781489,86,1354,59,100,0.11,0.42,100,103,103,100,104,103,101,470,236,277,280,,98,104,103,103,108,106,109,102,101,104,106,97,93,103,105,99,101,104,106,107,105,105,103,108,105,105,,,TRUE,,,FALSE,3,1
85,531,513,1391,Vandenberg Sneaker,ZB,,MALAWI,NL 5870 1700 6,MAGISTER,NL 9342 7452 2,AGAAT 61,NL 6633 1154 1 (57),KIK Just in Time,NL 6643 6467 8,AGAAT 52,NL 6664 0958 4 (61),0.95,NLDM000543203919,2010,ZB,Delta Solero,Eminem,Laudan,940372,99,275,28,32,0.2,0.22,105,101,104,104,108,105,100,186,108,197,323,98,98,101,99,96,102,100,100,97,94,96,100,95,98,100,99,107,97,103,102,101,97,92,101,104,95,95,,,,,,FALSE,3,3
1411,153,513,1411,Vandenberg Sneaker,ZB,,BARRACUDA,NL 9419 8910 7,BARRAGE,NL 6624 3787 7,BUNNY 255,NL 7587 1057 8 (1),BIG POSITION,NL 9241 6934 0,BUNNY 246,NL 9442 0841 6 (32),0.92,NLDM000916344441,2013,ZB,Mars Mandela,Mountfield Ssi Dcy Mogul,Charlesdale Superstition,768464,92,800,37,51,0.1,0.18,104,105,105,104,103,100,104,270,138,214,230,99,99,104,100,100,102,99,101,99,100,106,105,96,98,96,99,105,98,,100,100,101,101,98,103,102,99,,,,,,FALSE,3,2
1411,513,513,1411,Vandenberg Sneaker,ZB,,BARRACUDA,NL 9419 8910 7,BARRAGE,NL 6624 3787 7,BUNNY 255,NL 7587 1057 8 (1),BIG POSITION,NL 9241 6934 0,BUNNY 246,NL 9442 0841 6 (32),1,NLDM000671889948,2017,RB,Bentehoek Andy Red,Kingfarm Holsteins Anreli-Red,Bouw Rocky,781489,86,1354,59,100,0.11,0.42,100,103,103,100,104,103,101,470,236,277,280,,98,104,103,103,108,106,109,102,101,104,106,97,93,103,105,99,101,104,106,107,105,105,103,108,105,105,,,TRUE,,,FALSE,3,1
1411,531,513,1411,Vandenberg Sneaker,ZB,,BARRACUDA,NL 9419 8910 7,BARRAGE,NL 6624 3787 7,BUNNY 255,NL 7587 1057 8 (1),BIG POSITION,NL 9241 6934 0,BUNNY 246,NL 9442 0841 6 (32),0.95,NLDM000543203919,2010,ZB,Delta Solero,Eminem,Laudan,940372,99,275,28,32,0.2,0.22,105,101,104,104,108,105,100,186,108,197,323,98,98,101,99,96,102,100,100,97,94,96,100,95,98,100,99,107,97,103,102,101,97,92,101,104,95,95,,,,,,FALSE,3,3
34,153,156,1298,VDR Saul Hudson,ZB,,BRAKELS FINALE,NL 7563 1376 2,BOUW FINDER,NL 9219 6711 4,BUNNY 252,NL 6664 1007 4 (3),HEIDENSKIPSTER SNOWFLAKE,NL 8980 5361 4,BUNNY 243,NL 8974 0745 4 (5),0.87,NLDM000872390502,2016,ZB,Vdr Slash,Balu,Big Malki,361096,94,1049,59,56,0.23,0.12,104,107,103,105,111,91,101,369,202,259,286,,101,106,102,106,101,105,105,99,103,103,106,101,93,105,103,105,97,105,106,100,98,103,98,104,106,106,,,TRUE,,,FALSE,2,1
34,153,156,1298,VDR Saul Hudson,ZB,,BRAKELS FINALE,NL 7563 1376 2,BOUW FINDER,NL 9219 6711 4,BUNNY 252,NL 6664 1007 4 (3),HEIDENSKIPSTER SNOWFLAKE,NL 8980 5361 4,BUNNY 243,NL 8974 0745 4 (5),0.87,NLDM000916344441,2013,ZB,Mars Mandela,Mountfield Ssi Dcy Mogul,Charlesdale Superstition,768464,92,800,37,51,0.1,0.18,104,105,105,104,103,100,104,270,138,214,230,99,99,104,100,100,102,99,101,99,100,106,105,96,98,96,99,105,98,,100,100,101,101,98,103,102,99,,,,,,FALSE,2,2
1444,153,156,1444,VDR Saul Hudson,ZB,,STRANGER,NL 5870 6034 1,RANGER,NL 6617 2652 7,JANS 849,NL 7587 1064 8 (18),KIK Startup,NL 6631 6307 4,JANS 843,NL 7546 0870 5 (58),0.87,NLDM000872390502,2016,ZB,Vdr Slash,Balu,Big Malki,361096,94,1049,59,56,0.23,0.12,104,107,103,105,111,91,101,369,202,259,286,,101,106,102,106,101,105,105,99,103,103,106,101,93,105,103,105,97,105,106,100,98,103,98,104,106,106,,,TRUE,,,FALSE,2,1
1444,153,156,1444,VDR Saul Hudson,ZB,,STRANGER,NL 5870 6034 1,RANGER,NL 6617 2652 7,JANS 849,NL 7587 1064 8 (18),KIK Startup,NL 6631 6307 4,JANS 843,NL 7546 0870 5 (58),0.87,NLDM000916344441,2013,ZB,Mars Mandela,Mountfield Ssi Dcy Mogul,Charlesdale Superstition,768464,92,800,37,51,0.1,0.18,104,105,105,104,103,100,104,270,138,214,230,99,99,104,100,100,102,99,101,99,100,106,105,96,98,96,99,105,98,,100,100,101,101,98,103,102,99,,,,,,FALSE,2,2
8,156,165,1278,VDR Saul Hudson,ZB,,BRAKELS FINALE,NL 7563 1376 2,BOUW FINDER,NL 9219 6711 4,BUNNY 250,NL 6664 0941 4 (25),BIG WINNER,NL 4297 5958 3,BUNNY 245,NL 9442 0808 1 (31),0.95,NLDM000880207746,2014,ZB,Vekis Dvh Preston,Mr Moviestar Mardi Gras,Maxim,39810,98,154,6,18,0.01,0.13,101,107,105,99,102,104,95,70,31,100,119,,101,100,100,98,110,98,104,100,94,102,103,94,100,102,99,102,96,97,99,108,104,101,109,109,103,104,,,,,,FALSE,2,2
8,516,165,1278,VDR Saul Hudson,ZB,,BRAKELS FINALE,NL 7563 1376 2,BOUW FINDER,NL 9219 6711 4,BUNNY 250,NL 6664 0941 4 (25),BIG WINNER,NL 4297 5958 3,BUNNY 245,NL 9442 0808 1 (31),0.78,NLDM000632591910,2019,ZB,VDR Saul Hudson,BARCLEY,BIG MALKI,39969,72,915,,,0.26,0.2,107,104,100,103,107,99,94,366,,,,,,100,,,,105,105,,,,,,,,110,101,101,,,,,,,,,,TRUE,,,,,FALSE,2,1
19,156,165,0970,VDR Saul Hudson,ZB,,BOSSINK BLACK LEGEND,NL 7261 1264 1,MORNINGVIEW LEGEND,US135404667,BETJE 66,NL 9442 0838 4 (52),BIG WINNER,NL 4297 5958 3,BETJE 64,NL 5293 0711 0 (23),0.95,NLDM000880207746,2014,ZB,Vekis Dvh Preston,Mr Moviestar Mardi Gras,Maxim,39810,98,154,6,18,0.01,0.13,101,107,105,99,102,104,95,70,31,100,119,,101,100,100,98,110,98,104,100,94,102,103,94,100,102,99,102,96,97,99,108,104,101,109,109,103,104,,,,,,FALSE,2,2
19,516,165,0970,VDR Saul Hudson,ZB,,BOSSINK BLACK LEGEND,NL 7261 1264 1,MORNINGVIEW LEGEND,US135404667,BETJE 66,NL 9442 0838 4 (52),BIG WINNER,NL 4297 5958 3,BETJE 64,NL 5293 0711 0 (23),0.78,NLDM000632591910,2019,ZB,VDR Saul Hudson,BARCLEY,BIG MALKI,39969,72,915,,,0.26,0.2,107,104,100,103,107,99,94,366,,,,,,100,,,,105,105,,,,,,,,110,101,101,,,,,,,,,,TRUE,,,,,FALSE,2,1
20,156,165,1289,VDR Saul Hudson,ZB,,DUMOULIN,NL 6770 4677 2,DG Charley,DE 05389 20253,AGAAT 59,NL 7587 1076 3 (52),BIG WINNER,NL 4297 5958 3,AGAAT 51,NL 6664 0949 0 (34),0.95,NLDM000880207746,2014,ZB,Vekis Dvh Preston,Mr Moviestar Mardi Gras,Maxim,39810,98,154,6,18,0.01,0.13,101,107,105,99,102,104,95,70,31,100,119,,101,100,100,98,110,98,104,100,94,102,103,94,100,102,99,102,96,97,99,108,104,101,109,109,103,104,,,,,,FALSE,2,2
20,516,165,1289,VDR Saul Hudson,ZB,,DUMOULIN,NL 6770 4677 2,DG Charley,DE 05389 20253,AGAAT 59,NL 7587 1076 3 (52),BIG WINNER,NL 4297 5958 3,AGAAT 51,NL 6664 0949 0 (34),0.78,NLDM000632591910,2019,ZB,VDR Saul Hudson,BARCLEY,BIG MALKI,39969,72,915,,,0.26,0.2,107,104,100,103,107,99,94,366,,,,,,100,,,,105,105,,,,,,,,110,101,101,,,,,,,,,,TRUE,,,,,FALSE,2,1
38,156,165,1380,VDR Saul Hudson,ZB,,,,,,BEERTJE 1,NL 7587 1043 9 (38),APINA GUNPOWER,NL 9684 5821 3,BEERTJE,BEERTJE (92),0.95,NLDM000880207746,2014,ZB,Vekis Dvh Preston,Mr Moviestar Mardi Gras,Maxim,39810,98,154,6,18,0.01,0.13,101,107,105,99,102,104,95,70,31,100,119,,101,100,100,98,110,98,104,100,94,102,103,94,100,102,99,102,96,97,99,108,104,101,109,109,103,104,,,,,,FALSE,2,2
38,516,165,1380,VDR Saul Hudson,ZB,,,,,,BEERTJE 1,NL 7587 1043 9 (38),APINA GUNPOWER,NL 9684 5821 3,BEERTJE,BEERTJE (92),0.78,NLDM000632591910,2019,ZB,VDR Saul Hudson,BARCLEY,BIG MALKI,39969,72,915,,,0.26,0.2,107,104,100,103,107,99,94,366,,,,,,100,,,,105,105,,,,,,,,110,101,101,,,,,,,,,,TRUE,,,,,FALSE,2,1
53,156,165,1245,VDR Saul Hudson,ZB,,BIG GOSPELL,NL 5632 7489 6,BIG SPELL,NL 6443 6372 5,BETJE 72,NL 6664 0982 5 (2),BIG WINNETOE,NL 8692 6777 4,BETJE 61,NL 5293 0684 5 (72),0.95,NLDM000880207746,2014,ZB,Vekis Dvh Preston,Mr Moviestar Mardi Gras,Maxim,39810,98,154,6,18,0.01,0.13,101,107,105,99,102,104,95,70,31,100,119,,101,100,100,98,110,98,104,100,94,102,103,94,100,102,99,102,96,97,99,108,104,101,109,109,103,104,,,,,,FALSE,2,2
53,516,165,1245,VDR Saul Hudson,ZB,,BIG GOSPELL,NL 5632 7489 6,BIG SPELL,NL 6443 6372 5,BETJE 72,NL 6664 0982 5 (2),BIG WINNETOE,NL 8692 6777 4,BETJE 61,NL 5293 0684 5 (72),0.78,NLDM000632591910,2019,ZB,VDR Saul Hudson,BARCLEY,BIG MALKI,39969,72,915,,,0.26,0.2,107,104,100,103,107,99,94,366,,,,,,100,,,,105,105,,,,,,,,110,101,101,,,,,,,,,,TRUE,,,,,FALSE,2,1
57,156,165,1351,VDR Saul Hudson,ZB,,DE PAARLBERG 419,NL 8891 5115 6,BROEKHUIZEN BART,NL 9186 8008 2,LIES 845,NL 7546 0901 8(7),CASANOVA,NL 5837 2300 8,LIES 843,NL 4753 0537 0 (74),0.95,NLDM000880207746,2014,ZB,Vekis Dvh Preston,Mr Moviestar Mardi Gras,Maxim,39810,98,154,6,18,0.01,0.13,101,107,105,99,102,104,95,70,31,100,119,,101,100,100,98,110,98,104,100,94,102,103,94,100,102,99,102,96,97,99,108,104,101,109,109,103,104,,,,,,FALSE,2,2
57,516,165,1351,VDR Saul Hudson,ZB,,DE PAARLBERG 419,NL 8891 5115 6,BROEKHUIZEN BART,NL 9186 8008 2,LIES 845,NL 7546 0901 8(7),CASANOVA,NL 5837 2300 8,LIES 843,NL 4753 0537 0 (74),0.78,NLDM000632591910,2019,ZB,VDR Saul Hudson,BARCLEY,BIG MALKI,39969,72,915,,,0.26,0.2,107,104,100,103,107,99,94,366,,,,,,100,,,,105,105,,,,,,,,110,101,101,,,,,,,,,,TRUE,,,,,FALSE,2,1
65,156,165,1358,,ZB,,VANDEBEEK,NL 6847 5541 2,BALTIKUM,DK03372306362,MARIJKE 33,NL 6633 1126 2 (65),WINTERSELL STELLATION,UK261437601701,MARIJKE 30,NL 6664 1001 2 (20),0.95,NLDM000880207746,2014,ZB,Vekis Dvh Preston,Mr Moviestar Mardi Gras,Maxim,39810,98,154,6,18,0.01,0.13,101,107,105,99,102,104,95,70,31,100,119,,101,100,100,98,110,98,104,100,94,102,103,94,100,102,99,102,96,97,99,108,104,101,109,109,103,104,,,,,,FALSE,2,2
65,516,165,1358,,ZB,,VANDEBEEK,NL 6847 5541 2,BALTIKUM,DK03372306362,MARIJKE 33,NL 6633 1126 2 (65),WINTERSELL STELLATION,UK261437601701,MARIJKE 30,NL 6664 1001 2 (20),0.78,NLDM000632591910,2019,ZB,VDR Saul Hudson,BARCLEY,BIG MALKI,39969,72,915,,,0.26,0.2,107,104,100,103,107,99,94,366,,,,,,100,,,,105,105,,,,,,,,110,101,101,,,,,,,,,,TRUE,,,,,FALSE,2,1
1410,156,165,1410,VDR Saul Hudson,ZB,,RICOLM,NL 7485 8354 2,APINA MALCOLM,NL 7515 1971 4,METRIET,NL 6633 1124 8 (12),T BROOK NO CLAIM,NL 6396 7747 1,67,NL 7546 0933 5 (67),0.95,NLDM000880207746,2014,ZB,Vekis Dvh Preston,Mr Moviestar Mardi Gras,Maxim,39810,98,154,6,18,0.01,0.13,101,107,105,99,102,104,95,70,31,100,119,,101,100,100,98,110,98,104,100,94,102,103,94,100,102,99,102,96,97,99,108,104,101,109,109,103,104,,,,,,FALSE,2,2
1410,516,165,1410,VDR Saul Hudson,ZB,,RICOLM,NL 7485 8354 2,APINA MALCOLM,NL 7515 1971 4,METRIET,NL 6633 1124 8 (12),T BROOK NO CLAIM,NL 6396 7747 1,67,NL 7546 0933 5 (67),0.78,NLDM000632591910,2019,ZB,VDR Saul Hudson,BARCLEY,BIG MALKI,39969,72,915,,,0.26,0.2,107,104,100,103,107,99,94,366,,,,,,100,,,,105,105,,,,,,,,110,101,101,,,,,,,,,,TRUE,,,,,FALSE,2,1
1415,156,165,1415,VDR Saul Hudson,ZB,,x,x,x,x,JACOBINE 4,NL 6664 0991 9 (32),x,x,JACOBINE 1,NL 8974 0749 2 (81),0.95,NLDM000880207746,2014,ZB,Vekis Dvh Preston,Mr Moviestar Mardi Gras,Maxim,39810,98,154,6,18,0.01,0.13,101,107,105,99,102,104,95,70,31,100,119,,101,100,100,98,110,98,104,100,94,102,103,94,100,102,99,102,96,97,99,108,104,101,109,109,103,104,,,,,,FALSE,2,2
1415,516,165,1415,VDR Saul Hudson,ZB,,x,x,x,x,JACOBINE 4,NL 6664 0991 9 (32),x,x,JACOBINE 1,NL 8974 0749 2 (81),0.78,NLDM000632591910,2019,ZB,VDR Saul Hudson,BARCLEY,BIG MALKI,39969,72,915,,,0.26,0.2,107,104,100,103,107,99,94,366,,,,,,100,,,,105,105,,,,,,,,110,101,101,,,,,,,,,,TRUE,,,,,FALSE,2,1
1462,156,165,1462,,ZB,,BAAK NEXIT,NL 7115 0058 3,LUNAR,NL 6760 1224 6,AGAAT 59,NL 7587 1076 3 (52),BIG WINNER,NL 4297 5958 3,AGAAT 51,NL 6664 0949 0 (34),0.95,NLDM000880207746,2014,ZB,Vekis Dvh Preston,Mr Moviestar Mardi Gras,Maxim,39810,98,154,6,18,0.01,0.13,101,107,105,99,102,104,95,70,31,100,119,,101,100,100,98,110,98,104,100,94,102,103,94,100,102,99,102,96,97,99,108,104,101,109,109,103,104,,,,,,FALSE,2,2
1462,516,165,1462,,ZB,,BAAK NEXIT,NL 7115 0058 3,LUNAR,NL 6760 1224 6,AGAAT 59,NL 7587 1076 3 (52),BIG WINNER,NL 4297 5958 3,AGAAT 51,NL 6664 0949 0 (34),0.78,NLDM000632591910,2019,ZB,VDR Saul Hudson,BARCLEY,BIG MALKI,39969,72,915,,,0.26,0.2,107,104,100,103,107,99,94,366,,,,,,100,,,,105,105,,,,,,,,110,101,101,,,,,,,,,,TRUE,,,,,FALSE,2,1
1477,156,165,1477,,ZB,,EXOTIC,NL 6188 0900 8,JACUZZI-RED,NL 5762 8954 8,BUNNY 255,NL 7587 1057 8 (1),BIG POSITION,NL 9241 6934 0,BUNNY 246,NL 9442 0841 6 (32),0.95,NLDM000880207746,2014,ZB,Vekis Dvh Preston,Mr Moviestar Mardi Gras,Maxim,39810,98,154,6,18,0.01,0.13,101,107,105,99,102,104,95,70,31,100,119,,101,100,100,98,110,98,104,100,94,102,103,94,100,102,99,102,96,97,99,108,104,101,109,109,103,104,,,,,,FALSE,2,2
1477,516,165,1477,,ZB,,EXOTIC,NL 6188 0900 8,JACUZZI-RED,NL 5762 8954 8,BUNNY 255,NL 7587 1057 8 (1),BIG POSITION,NL 9241 6934 0,BUNNY 246,NL 9442 0841 6 (32),0.78,NLDM000632591910,2019,ZB,VDR Saul Hudson,BARCLEY,BIG MALKI,39969,72,915,,,0.26,0.2,107,104,100,103,107,99,94,366,,,,,,100,,,,105,105,,,,,,,,110,101,101,,,,,,,,,,TRUE,,,,,FALSE,2,1
99,156,516,1356,VDR Saul Hudson,ZB,,WILLEM,NL 7594 6474 6,WISENT,NL 6752 6848 2,MARIA 3,NL 6633 1158 9 (92),BIG WINNER,NL 4297 5958 3,MARIA 2,NL 7587 1041 5 (14),0.92,NLDM000880207746,2014,ZB,Vekis Dvh Preston,Mr Moviestar Mardi Gras,Maxim,39810,98,154,6,18,0.01,0.13,101,107,105,99,102,104,95,70,31,100,119,,101,100,100,98,110,98,104,100,94,102,103,94,100,102,99,102,96,97,99,108,104,101,109,109,103,104,,,,,,FALSE,3,3
99,513,516,1356,VDR Saul Hudson,ZB,,WILLEM,NL 7594 6474 6,WISENT,NL 6752 6848 2,MARIA 3,NL 6633 1158 9 (92),BIG WINNER,NL 4297 5958 3,MARIA 2,NL 7587 1041 5 (14),0.87,NLDM000671889948,2017,RB,Bentehoek Andy Red,Kingfarm Holsteins Anreli-Red,Bouw Rocky,781489,86,1354,59,100,0.11,0.42,100,103,103,100,104,103,101,470,236,277,280,,98,104,103,103,108,106,109,102,101,104,106,97,93,103,105,99,101,104,106,107,105,105,103,108,105,105,,,TRUE,,,FALSE,3,1
99,513,516,1356,VDR Saul Hudson,ZB,,WILLEM,NL 7594 6474 6,WISENT,NL 6752 6848 2,MARIA 3,NL 6633 1158 9 (92),BIG WINNER,NL 4297 5958 3,MARIA 2,NL 7587 1041 5 (14),0.87,NLDM000632592177,2019,ZB,VDR Shakespeare,DOUBLE W RANGER,BIG MALKI,39979,72,557,,,0.09,0.24,105,102,103,106,109,101,100,259,,,,,,105,,,,114,113,,,,,,,,111,102,100,,,,,,,,,,TRUE,,,,,FALSE,3,2
1,156,615,1057,Zaemslach Juno,ZB,,BIG POSITION,NL 9241 6934 0,COGENT TWIST,UK160193703425,BUNNY 246,NL 9442 0841 6 (32),MARS FACTORX,NL 7078 4194 2,BUNNY 238,NL 4753 0522 4 (25),0.82,NLDM000880207746,2014,ZB,Vekis Dvh Preston,Mr Moviestar Mardi Gras,Maxim,39810,98,154,6,18,0.01,0.13,101,107,105,99,102,104,95,70,31,100,119,,101,100,100,98,110,98,104,100,94,102,103,94,100,102,99,102,96,97,99,108,104,101,109,109,103,104,,,,,,FALSE,2,2
1,561,615,1057,Zaemslach Juno,ZB,,BIG POSITION,NL 9241 6934 0,COGENT TWIST,UK160193703425,BUNNY 246,NL 9442 0841 6 (32),MARS FACTORX,NL 7078 4194 2,BUNNY 238,NL 4753 0522 4 (25),0.78,NLDM000887310382,2014,ZB,Topspeed Samoa,Hoekland Maik,Stadel-Red,361006,97,342,16,16,0.04,0.01,105,102,99,101,103,96,101,104,54,83,136,102,101,103,96,102,98,102,99,96,102,94,97,107,101,97,100,100,96,105,104,98,96,105,95,101,93,95,,,,,,FALSE,2,1
16,156,615,1161,Zaemslach Juno,ZB,,BIG WINNER,NL 4297 5958 3,ART-ACRES WIN 395,NL 9701 1831 2,DOMOOR 1,NL 7587 1027 5 (48),BOSSINK BLACK LEGEND,NL 7261 1264 1,DOMOOR,NL 7546 0889 9 (76),0.82,NLDM000880207746,2014,ZB,Vekis Dvh Preston,Mr Moviestar Mardi Gras,Maxim,39810,98,154,6,18,0.01,0.13,101,107,105,99,102,104,95,70,31,100,119,,101,100,100,98,110,98,104,100,94,102,103,94,100,102,99,102,96,97,99,108,104,101,109,109,103,104,,,,,,FALSE,2,2
16,561,615,1161,Zaemslach Juno,ZB,,BIG WINNER,NL 4297 5958 3,ART-ACRES WIN 395,NL 9701 1831 2,DOMOOR 1,NL 7587 1027 5 (48),BOSSINK BLACK LEGEND,NL 7261 1264 1,DOMOOR,NL 7546 0889 9 (76),0.78,NLDM000887310382,2014,ZB,Topspeed Samoa,Hoekland Maik,Stadel-Red,361006,97,342,16,16,0.04,0.01,105,102,99,101,103,96,101,104,54,83,136,102,101,103,96,102,98,102,99,96,102,94,97,107,101,97,100,100,96,105,104,98,96,105,95,101,93,95,,,,,,FALSE,2,1
24,156,615,1317,Zaemslach Juno,ZB,,BIG WINNER,NL 4297 5958 3,ART-ACRES WIN 395,NL 9701 1831 2,JAANTJE 38,NL 6648 1186 4 (86),SELFIE,NL 7610 1130 7,JAANTJE 32,NL 7546 0924 1 (37),0.82,NLDM000880207746,2014,ZB,Vekis Dvh Preston,Mr Moviestar Mardi Gras,Maxim,39810,98,154,6,18,0.01,0.13,101,107,105,99,102,104,95,70,31,100,119,,101,100,100,98,110,98,104,100,94,102,103,94,100,102,99,102,96,97,99,108,104,101,109,109,103,104,,,,,,FALSE,2,2
24,561,615,1317,Zaemslach Juno,ZB,,BIG WINNER,NL 4297 5958 3,ART-ACRES WIN 395,NL 9701 1831 2,JAANTJE 38,NL 6648 1186 4 (86),SELFIE,NL 7610 1130 7,JAANTJE 32,NL 7546 0924 1 (37),0.78,NLDM000887310382,2014,ZB,Topspeed Samoa,Hoekland Maik,Stadel-Red,361006,97,342,16,16,0.04,0.01,105,102,99,101,103,96,101,104,54,83,136,102,101,103,96,102,98,102,99,96,102,94,97,107,101,97,100,100,96,105,104,98,96,105,95,101,93,95,,,,,,FALSE,2,1
56,156,615,1167,Zaemslach Juno,ZB,,BIG WINNER,NL 4297 5958 3,ART-ACRES WIN 395,NL 9701 1831 2,BUNNY 254,NL 7587 1036 9 (81),BOSSINK BLACK LEGEND,NL 7261 1264 1,BUNNY 248,NL 7546 0865 9 (5),0.82,NLDM000880207746,2014,ZB,Vekis Dvh Preston,Mr Moviestar Mardi Gras,Maxim,39810,98,154,6,18,0.01,0.13,101,107,105,99,102,104,95,70,31,100,119,,101,100,100,98,110,98,104,100,94,102,103,94,100,102,99,102,96,97,99,108,104,101,109,109,103,104,,,,,,FALSE,2,2
56,561,615,1167,Zaemslach Juno,ZB,,BIG WINNER,NL 4297 5958 3,ART-ACRES WIN 395,NL 9701 1831 2,BUNNY 254,NL 7587 1036 9 (81),BOSSINK BLACK LEGEND,NL 7261 1264 1,BUNNY 248,NL 7546 0865 9 (5),0.78,NLDM000887310382,2014,ZB,Topspeed Samoa,Hoekland Maik,Stadel-Red,361006,97,342,16,16,0.04,0.01,105,102,99,101,103,96,101,104,54,83,136,102,101,103,96,102,98,102,99,96,102,94,97,107,101,97,100,100,96,105,104,98,96,105,95,101,93,95,,,,,,FALSE,2,1
1468,156,615,1468,,ZB,,MOTIF,NL 7510 8999 0,MOUNTFIELD SSI DCY MOGUL,US3006972816,BETJE 82,NL 6648 1162 4 (62),BOLISTOS,NL 6629 1929 8,BETJE 70,NL 7546 0931 1 (22),0.82,NLDM000880207746,2014,ZB,Vekis Dvh Preston,Mr Moviestar Mardi Gras,Maxim,39810,98,154,6,18,0.01,0.13,101,107,105,99,102,104,95,70,31,100,119,,101,100,100,98,110,98,104,100,94,102,103,94,100,102,99,102,96,97,99,108,104,101,109,109,103,104,,,,,,FALSE,2,2
1468,561,615,1468,,ZB,,MOTIF,NL 7510 8999 0,MOUNTFIELD SSI DCY MOGUL,US3006972816,BETJE 82,NL 6648 1162 4 (62),BOLISTOS,NL 6629 1929 8,BETJE 70,NL 7546 0931 1 (22),0.78,NLDM000887310382,2014,ZB,Topspeed Samoa,Hoekland Maik,Stadel-Red,361006,97,342,16,16,0.04,0.01,105,102,99,101,103,96,101,104,54,83,136,102,101,103,96,102,98,102,99,96,102,94,97,107,101,97,100,100,96,105,104,98,96,105,95,101,93,95,,,,,,FALSE,2,1
2,156,561,1387,Vvh Repairman,ZB,,PICKUP,NL 6755 4262 7,LOUXOR,FR2229184217,ROZA 70,NL 6633 1100 8 (66),KIK Stonehenge,NL 7164 5497 5,ROZA 68,NL 7546 0935 9 (54),0.78,NLDM000880207746,2014,ZB,Vekis Dvh Preston,Mr Moviestar Mardi Gras,Maxim,39810,98,154,6,18,0.01,0.13,101,107,105,99,102,104,95,70,31,100,119,,101,100,100,98,110,98,104,100,94,102,103,94,100,102,99,102,96,97,99,108,104,101,109,109,103,104,,,,,,FALSE,1,1
27,156,561,1052,VDR Saul Hudson,ZB,,BIG POSITION,NL 9241 6934 0,COGENT TWIST,UK160193703425,JACOBINE 1,NL 8974 0749 2 (81),DISCOVERY,NL 3402 6713 0,JACOBINE,NL 5293 0648 9 (32),0.78,NLDM000880207746,2014,ZB,Vekis Dvh Preston,Mr Moviestar Mardi Gras,Maxim,39810,98,154,6,18,0.01,0.13,101,107,105,99,102,104,95,70,31,100,119,,101,100,100,98,110,98,104,100,94,102,103,94,100,102,99,102,96,97,99,108,104,101,109,109,103,104,,,,,,FALSE,1,1
43,156,561,1021,VDR Saul Hudson,ZB,,SLOTBOOMS MILFONTES,NL 6111 0754 9,GILLETTE WINDBROOK,CA7816429,ROZA 66,NL 4987 0586 5 (41),DE BIEUW KINDNESS,NL 4699 6088 4,ROZA 64,NL 3619 9647 1 (5),0.78,NLDM000880207746,2014,ZB,Vekis Dvh Preston,Mr Moviestar Mardi Gras,Maxim,39810,98,154,6,18,0.01,0.13,101,107,105,99,102,104,95,70,31,100,119,,101,100,100,98,110,98,104,100,94,102,103,94,100,102,99,102,96,97,99,108,104,101,109,109,103,104,,,,,,FALSE,1,1
46,156,561,1217,VDR Saul Hudson,ZB,,BIG WINNER,NL 4297 5958 3,ART-ACRES WIN 395,NL 9701 1831 2,JANS 850,NL 6633 1098 0 (60),KIK Stonehenge,NL 7164 5497 5,JANS 2,NL 8974 0747 8 (78),0.78,NLDM000880207746,2014,ZB,Vekis Dvh Preston,Mr Moviestar Mardi Gras,Maxim,39810,98,154,6,18,0.01,0.13,101,107,105,99,102,104,95,70,31,100,119,,101,100,100,98,110,98,104,100,94,102,103,94,100,102,99,102,96,97,99,108,104,101,109,109,103,104,,,,,,FALSE,1,1
73,156,561,1345,Vandenberg Sneaker,ZB,,ROSS UMPIRE,NL 6732 2783 0,BACON-HILL PETY MODESTY,US3013654627,BETJE 80,NL 6633 1147 1 (6),BIG WINNER,NL 4297 5958 3,BETJE 78,NL 7587 1030 7 (41),0.78,NLDM000880207746,2014,ZB,Vekis Dvh Preston,Mr Moviestar Mardi Gras,Maxim,39810,98,154,6,18,0.01,0.13,101,107,105,99,102,104,95,70,31,100,119,,101,100,100,98,110,98,104,100,94,102,103,94,100,102,99,102,96,97,99,108,104,101,109,109,103,104,,,,,,FALSE,1,1
95,156,561,1199,VDR Saul Hudson,ZB,,NUDAN,NL 7249 1558 1,DE-SU PENLEY 11839,US71813425,JANS 844,NL 7546 0893 8 (85),WEGGELHORSTER MILFORD SOUND,NL 6953 2035 3,JANS 842,NL 5293 0692 2 (28),0.78,NLDM000880207746,2014,ZB,Vekis Dvh Preston,Mr Moviestar Mardi Gras,Maxim,39810,98,154,6,18,0.01,0.13,101,107,105,99,102,104,95,70,31,100,119,,101,100,100,98,110,98,104,100,94,102,103,94,100,102,99,102,96,97,99,108,104,101,109,109,103,104,,,,,,FALSE,1,1
1396,156,561,1396,VDR Saul Hudson,ZB,,LONE RANGER,NL 8847 8672 0,RANGER,NL 6617 2652 7,ROZA 73,NL 6633 1151 0 (87),KIK Just in Time,NL 6643 6467 8,ROZA 68,NL 7546 0935 9 (54),0.78,NLDM000880207746,2014,ZB,Vekis Dvh Preston,Mr Moviestar Mardi Gras,Maxim,39810,98,154,6,18,0.01,0.13,101,107,105,99,102,104,95,70,31,100,119,,101,100,100,98,110,98,104,100,94,102,103,94,100,102,99,102,96,97,99,108,104,101,109,109,103,104,,,,,,FALSE,1,1
1407,156,561,1407,VDR Saul Hudson,ZB,,BARRACUDA,NL 9419 8910 7,BARRAGE,NL 6624 3787 7,FENNIGIEN 41,NL 6633 1104 6 (80),BIG WINNER,NL 4297 5958 3,FENNIGIEN 39,NL 6664 0988 7 (47),0.78,NLDM000880207746,2014,ZB,Vekis Dvh Preston,Mr Moviestar Mardi Gras,Maxim,39810,98,154,6,18,0.01,0.13,101,107,105,99,102,104,95,70,31,100,119,,101,100,100,98,110,98,104,100,94,102,103,94,100,102,99,102,96,97,99,108,104,101,109,109,103,104,,,,,,FALSE,1,1
1421,156,561,1421,VDR Saul Hudson,ZB,,POPPE YODY,NL 5745 8990 3,CAL-ROY-AL YODA,US3138277108,BETJE 80,NL 6633 1147 1 (6),BIG WINNER,NL 4297 5958 3,BETJE 78,NL 7587 1030 7 (41),0.78,NLDM000880207746,2014,ZB,Vekis Dvh Preston,Mr Moviestar Mardi Gras,Maxim,39810,98,154,6,18,0.01,0.13,101,107,105,99,102,104,95,70,31,100,119,,101,100,100,98,110,98,104,100,94,102,103,94,100,102,99,102,96,97,99,108,104,101,109,109,103,104,,,,,,FALSE,1,1
1461,156,561,1461,,ZB,,LUNARA,NL 6287 6245 6,LUNAR,NL 6760 1224 6,ANNIE 95,NL 6664 0959 1 (23),BLACK VINCENT,NL 7579 1387 3,ANNIE 91,NL 4987 0634 9 (13),0.78,NLDM000880207746,2014,ZB,Vekis Dvh Preston,Mr Moviestar Mardi Gras,Maxim,39810,98,154,6,18,0.01,0.13,101,107,105,99,102,104,95,70,31,100,119,,101,100,100,98,110,98,104,100,94,102,103,94,100,102,99,102,96,97,99,108,104,101,109,109,103,104,,,,,,FALSE,1,1
14,243,246,1041,Giessen Utopia,ZB,melksnelheid,RAVELIJN,NL 8725 3456 6,DELTA REFINER,NL 4826 5532 1,MARIA 1,NL 9442 0843 0 (55),MARS FACTORX,NL 7078 4194 2,MARIA,NL 5293 0654 2 (26),0.87,NLDM000642172631,2016,ZB,Delta Revisor P,Bouw Finder,Sundance,941905,96,363,40,58,0.3,0.46,101,109,102,102,103,101,107,296,167,202,243,101,96,107,106,105,106,105,108,106,107,105,107,102,99,103,104,103,104,99,104,107,92,101,107,103,94,89,,,,,,FALSE,3,1
14,243,246,1041,Giessen Utopia,ZB,melksnelheid,RAVELIJN,NL 8725 3456 6,DELTA REFINER,NL 4826 5532 1,MARIA 1,NL 9442 0843 0 (55),MARS FACTORX,NL 7078 4194 2,MARIA,NL 5293 0654 2 (26),0.87,NLDM000584593572,2017,ZB,Koepon Powerset,Jetset,De-Su 521 Bookem,39887,91,159,25,47,0.22,0.45,101,100,101,109,101,102,103,205,117,193,211,,100,109,100,102,112,100,107,104,99,101,104,97,96,100,100,100,104,103,99,112,104,99,112,108,103,101,TRUE,,,,,FALSE,3,3
14,243,246,1041,Giessen Utopia,ZB,melksnelheid,RAVELIJN,NL 8725 3456 6,DELTA REFINER,NL 4826 5532 1,MARIA 1,NL 9442 0843 0 (55),MARS FACTORX,NL 7078 4194 2,MARIA,NL 5293 0654 2 (26),0.87,CANM000012556108,2016,ZB,Legend-Maker Victor,Kerndtway Kingpin,Genervations Liquid Gold,780361,93,654,41,43,0.19,0.16,107,117,101,103,105,101,111,270,146,204,149,,101,107,95,105,116,106,111,115,103,107,109,99,100,103,104,99,102,103,106,113,103,103,116,114,109,107,,,TRUE,,,FALSE,3,2
47,342,345,0988,De Volmer Dropshot Rf,ZB,,Europol PP,NL 7342 4650 9,WEST PORT ARRON DOON MITEY P,CA8930027,FENNIGIEN 30,NL 4986 0600 1 (49),IJSSELVLIEDT HIDALGO,NL 3984 9514 5,FENNIGIEN 23,NL 3619 9639 4 (39),0.87,DEUM000539638681,2016,ZB,First,Bouw Finder,Clear-Echo Lexor Racer,780986,90,444,28,42,0.14,0.25,103,100,105,105,108,101,105,210,113,242,208,,101,108,104,103,109,107,110,107,104,110,107,99,98,106,107,102,99,101,107,109,107,105,106,107,101,101,,,TRUE,,,FALSE,2,1
47,453,345,0988,De Volmer Dropshot Rf,ZB,,Europol PP,NL 7342 4650 9,WEST PORT ARRON DOON MITEY P,CA8930027,FENNIGIEN 30,NL 4986 0600 1 (49),IJSSELVLIEDT HIDALGO,NL 3984 9514 5,FENNIGIEN 23,NL 3619 9639 4 (39),0.82,NLDM000656965812,2017,RB,Gansey'S Antartica,Batenburg G. Stellando,Kings-Ransom O Dakker,39910,90,374,29,36,0.18,0.23,98,109,105,103,102,100,103,198,112,164,196,99,103,106,98,100,101,106,103,101,101,95,97,102,97,101,105,98,102,102,106,100,105,107,101,102,103,103,TRUE,TRUE,,,,FALSE,2,2
64,342,345,1078,De Volmer Dropshot Rf,ZB,,MAIKSON,NL 6591 3244 0,HOEKLAND MAIK,NL 4420 3081 2,AGAAT 31,NL 4987 0609 1 (17),CREIJLAND SET UP,CREIJLAND SET UP,AGAAT 23,NL 4310 0329 0 (53),0.87,DEUM000539638681,2016,ZB,First,Bouw Finder,Clear-Echo Lexor Racer,780986,90,444,28,42,0.14,0.25,103,100,105,105,108,101,105,210,113,242,208,,101,108,104,103,109,107,110,107,104,110,107,99,98,106,107,102,99,101,107,109,107,105,106,107,101,101,,,TRUE,,,FALSE,2,1
64,453,345,1078,De Volmer Dropshot Rf,ZB,,MAIKSON,NL 6591 3244 0,HOEKLAND MAIK,NL 4420 3081 2,AGAAT 31,NL 4987 0609 1 (17),CREIJLAND SET UP,CREIJLAND SET UP,AGAAT 23,NL 4310 0329 0 (53),0.82,NLDM000656965812,2017,RB,Gansey'S Antartica,Batenburg G. Stellando,Kings-Ransom O Dakker,39910,90,374,29,36,0.18,0.23,98,109,105,103,102,100,103,198,112,164,196,99,103,106,98,100,101,106,103,101,101,95,97,102,97,101,105,98,102,102,106,100,105,107,101,102,103,103,TRUE,TRUE,,,,FALSE,2,2
15,432,435,1066,Delta Lunar,ZB,,BIG WINNER,NL 4297 5958 3,ART-ACRES WIN 395,NL 9701 1831 2,MARIJKE 28,NL 7546 0930 4 (26),HEUVEL BULYKIN,NL 8901 5228 5,MARIJKE 23,NL 5293 0668 1 (11),0.87,NLDM000687591275,2020,ZB,Peeldijker High Five,KATERSHORST JOB,S-S-I MOGUL REFLECTOR,391007,71,162,,,0.38,0.66,108,106,105,107,108,100,105,306,,,,,,110,,,,105,109,,,,,,,,105,96,102,,,,,,,,,,TRUE,,,,,FALSE,3,2
15,432,435,1066,Delta Lunar,ZB,,BIG WINNER,NL 4297 5958 3,ART-ACRES WIN 395,NL 9701 1831 2,MARIJKE 28,NL 7546 0930 4 (26),HEUVEL BULYKIN,NL 8901 5228 5,MARIJKE 23,NL 5293 0668 1 (11),0.87,NLDM000741522694,2021,ZB,BEEZE RED HOT ALROY,GENESLAND BELLROY,MR SALVATORE,391044,69,1456,,,0.15,0.23,104,110,107,103,101,100,102,473,,,,,,107,,,,102,106,,,,,,,,103,99,103,,,,,,,,,,TRUE,,,,,FALSE,3,1
15,453,435,1066,Delta Lunar,ZB,,BIG WINNER,NL 4297 5958 3,ART-ACRES WIN 395,NL 9701 1831 2,MARIJKE 28,NL 7546 0930 4 (26),HEUVEL BULYKIN,NL 8901 5228 5,MARIJKE 23,NL 5293 0668 1 (11),0.95,NLDM000656965812,2017,RB,Gansey'S Antartica,Batenburg G. Stellando,Kings-Ransom O Dakker,39910,90,374,29,36,0.18,0.23,98,109,105,103,102,100,103,198,112,164,196,99,103,106,98,100,101,106,103,101,101,95,97,102,97,101,105,98,102,102,106,100,105,107,101,102,103,103,TRUE,TRUE,,,,FALSE,3,3
40,432,435,1029,Delta Lunar,ZB,,MASTENBROEKER LEO,NL 8936 1259 7,COGENT TWIST,UK160193703425,BETJE 60,NL 5293 0675 1 (34),CREIJLAND SET UP,NL 3621 5155 2,BETJE 55,NL 4753 0533 2 (84),0.87,NLDM000687591275,2020,ZB,Peeldijker High Five,KATERSHORST JOB,S-S-I MOGUL REFLECTOR,391007,71,162,,,0.38,0.66,108,106,105,107,108,100,105,306,,,,,,110,,,,105,109,,,,,,,,105,96,102,,,,,,,,,,TRUE,,,,,FALSE,3,2
40,432,435,1029,Delta Lunar,ZB,,MASTENBROEKER LEO,NL 8936 1259 7,COGENT TWIST,UK160193703425,BETJE 60,NL 5293 0675 1 (34),CREIJLAND SET UP,NL 3621 5155 2,BETJE 55,NL 4753 0533 2 (84),0.87,NLDM000741522694,2021,ZB,BEEZE RED HOT ALROY,GENESLAND BELLROY,MR SALVATORE,391044,69,1456,,,0.15,0.23,104,110,107,103,101,100,102,473,,,,,,107,,,,102,106,,,,,,,,103,99,103,,,,,,,,,,TRUE,,,,,FALSE,3,1
40,453,435,1029,Delta Lunar,ZB,,MASTENBROEKER LEO,NL 8936 1259 7,COGENT TWIST,UK160193703425,BETJE 60,NL 5293 0675 1 (34),CREIJLAND SET UP,NL 3621 5155 2,BETJE 55,NL 4753 0533 2 (84),0.95,NLDM000656965812,2017,RB,Gansey'S Antartica,Batenburg G. Stellando,Kings-Ransom O Dakker,39910,90,374,29,36,0.18,0.23,98,109,105,103,102,100,103,198,112,164,196,99,103,106,98,100,101,106,103,101,101,95,97,102,97,101,105,98,102,102,106,100,105,107,101,102,103,103,TRUE,TRUE,,,,FALSE,3,3
63,432,435,1071,Delta Lunar,ZB,,HEUVEL SUAREZ,NL 5195 5089 8,O-BEE MANFRED JUSTICE-ET,NL 9701 3811 8,IDA 853,NL 6664 0945 2 (75),BIG WINNER,NL 4297 5958 3,IDA 852,NL 9442 0804 3 (90),0.87,NLDM000687591275,2020,ZB,Peeldijker High Five,KATERSHORST JOB,S-S-I MOGUL REFLECTOR,391007,71,162,,,0.38,0.66,108,106,105,107,108,100,105,306,,,,,,110,,,,105,109,,,,,,,,105,96,102,,,,,,,,,,TRUE,,,,,FALSE,3,2
63,432,435,1071,Delta Lunar,ZB,,HEUVEL SUAREZ,NL 5195 5089 8,O-BEE MANFRED JUSTICE-ET,NL 9701 3811 8,IDA 853,NL 6664 0945 2 (75),BIG WINNER,NL 4297 5958 3,IDA 852,NL 9442 0804 3 (90),0.87,NLDM000741522694,2021,ZB,BEEZE RED HOT ALROY,GENESLAND BELLROY,MR SALVATORE,391044,69,1456,,,0.15,0.23,104,110,107,103,101,100,102,473,,,,,,107,,,,102,106,,,,,,,,103,99,103,,,,,,,,,,TRUE,,,,,FALSE,3,1
63,453,435,1071,Delta Lunar,ZB,,HEUVEL SUAREZ,NL 5195 5089 8,O-BEE MANFRED JUSTICE-ET,NL 9701 3811 8,IDA 853,NL 6664 0945 2 (75),BIG WINNER,NL 4297 5958 3,IDA 852,NL 9442 0804 3 (90),0.95,NLDM000656965812,2017,RB,Gansey'S Antartica,Batenburg G. Stellando,Kings-Ransom O Dakker,39910,90,374,29,36,0.18,0.23,98,109,105,103,102,100,103,198,112,164,196,99,103,106,98,100,101,106,103,101,101,95,97,102,97,101,105,98,102,102,106,100,105,107,101,102,103,103,TRUE,TRUE,,,,FALSE,3,3
1423,432,435,1423,Delta Lunar,ZB,,SAUL HUDSON,NL 6325 9191 0,BARCLEY,DE 06665 19827,JANS 854,NL 6648 1199 6 (95),NUDAN,NL 7249 1558 1,JANS 844,NL 7546 0893 8 (85),0.87,NLDM000687591275,2020,ZB,Peeldijker High Five,KATERSHORST JOB,S-S-I MOGUL REFLECTOR,391007,71,162,,,0.38,0.66,108,106,105,107,108,100,105,306,,,,,,110,,,,105,109,,,,,,,,105,96,102,,,,,,,,,,TRUE,,,,,FALSE,3,2
1423,432,435,1423,Delta Lunar,ZB,,SAUL HUDSON,NL 6325 9191 0,BARCLEY,DE 06665 19827,JANS 854,NL 6648 1199 6 (95),NUDAN,NL 7249 1558 1,JANS 844,NL 7546 0893 8 (85),0.87,NLDM000741522694,2021,ZB,BEEZE RED HOT ALROY,GENESLAND BELLROY,MR SALVATORE,391044,69,1456,,,0.15,0.23,104,110,107,103,101,100,102,473,,,,,,107,,,,102,106,,,,,,,,103,99,103,,,,,,,,,,TRUE,,,,,FALSE,3,1
1423,453,435,1423,Delta Lunar,ZB,,SAUL HUDSON,NL 6325 9191 0,BARCLEY,DE 06665 19827,JANS 854,NL 6648 1199 6 (95),NUDAN,NL 7249 1558 1,JANS 844,NL 7546 0893 8 (85),0.95,NLDM000656965812,2017,RB,Gansey'S Antartica,Batenburg G. Stellando,Kings-Ransom O Dakker,39910,90,374,29,36,0.18,0.23,98,109,105,103,102,100,103,198,112,164,196,99,103,106,98,100,101,106,103,101,101,95,97,102,97,101,105,98,102,102,106,100,105,107,101,102,103,103,TRUE,TRUE,,,,FALSE,3,3
1445,432,435,1445,Delta Lunar,ZB,,WHITE DOT,NL 5626 7443 7,WILDER HOTSPOT P,DE 05396 75034,JANS 850,NL 6633 1098 0 (60),KIK Stonehenge,NL 7164 5497 5,JANS 2,NL 8974 0747 8 (78),0.87,NLDM000687591275,2020,ZB,Peeldijker High Five,KATERSHORST JOB,S-S-I MOGUL REFLECTOR,391007,71,162,,,0.38,0.66,108,106,105,107,108,100,105,306,,,,,,110,,,,105,109,,,,,,,,105,96,102,,,,,,,,,,TRUE,,,,,FALSE,3,2
1445,432,435,1445,Delta Lunar,ZB,,WHITE DOT,NL 5626 7443 7,WILDER HOTSPOT P,DE 05396 75034,JANS 850,NL 6633 1098 0 (60),KIK Stonehenge,NL 7164 5497 5,JANS 2,NL 8974 0747 8 (78),0.87,NLDM000741522694,2021,ZB,BEEZE RED HOT ALROY,GENESLAND BELLROY,MR SALVATORE,391044,69,1456,,,0.15,0.23,104,110,107,103,101,100,102,473,,,,,,107,,,,102,106,,,,,,,,103,99,103,,,,,,,,,,TRUE,,,,,FALSE,3,1
1445,453,435,1445,Delta Lunar,ZB,,WHITE DOT,NL 5626 7443 7,WILDER HOTSPOT P,DE 05396 75034,JANS 850,NL 6633 1098 0 (60),KIK Stonehenge,NL 7164 5497 5,JANS 2,NL 8974 0747 8 (78),0.95,NLDM000656965812,2017,RB,Gansey'S Antartica,Batenburg G. Stellando,Kings-Ransom O Dakker,39910,90,374,29,36,0.18,0.23,98,109,105,103,102,100,103,198,112,164,196,99,103,106,98,100,101,106,103,101,101,95,97,102,97,101,105,98,102,102,106,100,105,107,101,102,103,103,TRUE,TRUE,,,,FALSE,3,3
1463,432,435,1463,,ZB,,MOTIF,NL 7510 8999 0,MOUNTFIELD SSI DCY MOGUL,US3006972816,JANS 843,NL 7546 0870 5 (58),BIG WINNER,NL 4297 5958 3,JANS 2,NL 8974 0747 8 (78),0.87,NLDM000687591275,2020,ZB,Peeldijker High Five,KATERSHORST JOB,S-S-I MOGUL REFLECTOR,391007,71,162,,,0.38,0.66,108,106,105,107,108,100,105,306,,,,,,110,,,,105,109,,,,,,,,105,96,102,,,,,,,,,,TRUE,,,,,FALSE,3,2
1463,432,435,1463,,ZB,,MOTIF,NL 7510 8999 0,MOUNTFIELD SSI DCY MOGUL,US3006972816,JANS 843,NL 7546 0870 5 (58),BIG WINNER,NL 4297 5958 3,JANS 2,NL 8974 0747 8 (78),0.87,NLDM000741522694,2021,ZB,BEEZE RED HOT ALROY,GENESLAND BELLROY,MR SALVATORE,391044,69,1456,,,0.15,0.23,104,110,107,103,101,100,102,473,,,,,,107,,,,102,106,,,,,,,,103,99,103,,,,,,,,,,TRUE,,,,,FALSE,3,1
1463,453,435,1463,,ZB,,MOTIF,NL 7510 8999 0,MOUNTFIELD SSI DCY MOGUL,US3006972816,JANS 843,NL 7546 0870 5 (58),BIG WINNER,NL 4297 5958 3,JANS 2,NL 8974 0747 8 (78),0.95,NLDM000656965812,2017,RB,Gansey'S Antartica,Batenburg G. Stellando,Kings-Ransom O Dakker,39910,90,374,29,36,0.18,0.23,98,109,105,103,102,100,103,198,112,164,196,99,103,106,98,100,101,106,103,101,101,95,97,102,97,101,105,98,102,102,106,100,105,107,101,102,103,103,TRUE,TRUE,,,,FALSE,3,3
104,453,453,1205,Delta Lunar,ZB,,NUDAN,NL 7249 1558 1,DE-SU PENLEY 11839,US71813425,MARIJKE 28,NL 7546 0930 4 (26),HEUVEL BULYKIN,NL 8901 5228 5,MARIJKE 23,NL 5293 0668 1 (11),1,NLDM000656965812,2017,RB,Gansey'S Antartica,Batenburg G. Stellando,Kings-Ransom O Dakker,39910,90,374,29,36,0.18,0.23,98,109,105,103,102,100,103,198,112,164,196,99,103,106,98,100,101,106,103,101,101,95,97,102,97,101,105,98,102,102,106,100,105,107,101,102,103,103,TRUE,TRUE,,,,FALSE,3,1
104,534,453,1205,Delta Lunar,ZB,,NUDAN,NL 7249 1558 1,DE-SU PENLEY 11839,US71813425,MARIJKE 28,NL 7546 0930 4 (26),HEUVEL BULYKIN,NL 8901 5228 5,MARIJKE 23,NL 5293 0668 1 (11),0.82,NLDM000933340101,2012,ZB,Enforcer,Bomaz Marion Emerald 648,O-Bee Manfred Justice-Et,36932,97,562,20,34,0.01,0.11,103,101,101,101,103,97,95,160,77,105,182,,101,103,102,101,97,103,101,96,103,101,99,102,103,100,103,101,96,104,104,96,101,99,95,100,105,105,,,,,,FALSE,3,2
104,546,453,1205,Delta Lunar,ZB,,NUDAN,NL 7249 1558 1,DE-SU PENLEY 11839,US71813425,MARIJKE 28,NL 7546 0930 4 (26),HEUVEL BULYKIN,NL 8901 5228 5,MARIJKE 23,NL 5293 0668 1 (11),0.79,NLDM000737132388,2013,ZB,Vvh Repairman,Hoekland Maik,Flevo Genetics Snowman,36962,99,326,15,39,0.04,0.27,100,102,99,103,103,97,96,146,74,89,136,101,102,103,99,104,99,108,104,98,110,104,102,109,97,97,106,101,100,111,109,98,93,109,99,103,95,96,,,TRUE,,,FALSE,3,3
1470,453,543,1470,,ZB,,MOTIF,NL 7510 8999 0,MOUNTFIELD SSI DCY MOGUL,US3006972816,BUNNY 262,NL 6392 1298 6 (34),BRAKELS FINALE,NL 7563 1376 2,BUNNY 252,NL 6664 1007 4 (3),0.92,NLDM000656965812,2017,RB,Gansey'S Antartica,Batenburg G. Stellando,Kings-Ransom O Dakker,39910,90,374,29,36,0.18,0.23,98,109,105,103,102,100,103,198,112,164,196,99,103,106,98,100,101,106,103,101,101,95,97,102,97,101,105,98,102,102,106,100,105,107,101,102,103,103,TRUE,TRUE,,,,FALSE,3,1
1470,534,543,1470,,ZB,,MOTIF,NL 7510 8999 0,MOUNTFIELD SSI DCY MOGUL,US3006972816,BUNNY 262,NL 6392 1298 6 (34),BRAKELS FINALE,NL 7563 1376 2,BUNNY 252,NL 6664 1007 4 (3),0.95,NLDM000933340101,2012,ZB,Enforcer,Bomaz Marion Emerald 648,O-Bee Manfred Justice-Et,36932,97,562,20,34,0.01,0.11,103,101,101,101,103,97,95,160,77,105,182,,101,103,102,101,97,103,101,96,103,101,99,102,103,100,103,101,96,104,104,96,101,99,95,100,105,105,,,,,,FALSE,3,2
1470,546,543,1470,,ZB,,MOTIF,NL 7510 8999 0,MOUNTFIELD SSI DCY MOGUL,US3006972816,BUNNY 262,NL 6392 1298 6 (34),BRAKELS FINALE,NL 7563 1376 2,BUNNY 252,NL 6664 1007 4 (3),0.87,NLDM000737132388,2013,ZB,Vvh Repairman,Hoekland Maik,Flevo Genetics Snowman,36962,99,326,15,39,0.04,0.27,100,102,99,103,103,97,96,146,74,89,136,101,102,103,99,104,99,108,104,98,110,104,102,109,97,97,106,101,100,111,109,98,93,109,99,103,95,96,,,TRUE,,,FALSE,3,3
18,516,651,1064,VDR Saul Hudson,ZB,,KIK Startup,NL 6631 6307 4,ZANI BOLTON MASCALESE,IT017990516801,JANS 843,NL 7546 0870 (58),BIG WINNER,NL 4297 5958 3,JANS 2,NL 8974 0747 8 (78),0.82,NLDM000632591910,2019,ZB,VDR Saul Hudson,BARCLEY,BIG MALKI,39969,72,915,,,0.26,0.2,107,104,100,103,107,99,94,366,,,,,,100,,,,105,105,,,,,,,,110,101,101,,,,,,,,,,TRUE,,,,,FALSE,2,1
18,561,651,1064,VDR Saul Hudson,ZB,,KIK Startup,NL 6631 6307 4,ZANI BOLTON MASCALESE,IT017990516801,JANS 843,NL 7546 0870 (58),BIG WINNER,NL 4297 5958 3,JANS 2,NL 8974 0747 8 (78),0.92,NLDM000887310382,2014,ZB,Topspeed Samoa,Hoekland Maik,Stadel-Red,361006,97,342,16,16,0.04,0.01,105,102,99,101,103,96,101,104,54,83,136,102,101,103,96,102,98,102,99,96,102,94,97,107,101,97,100,100,96,105,104,98,96,105,95,101,93,95,,,,,,FALSE,2,2
21,516,651,1281,VDR Saul Hudson,ZB,,BRAKELS FINALE,NL 7563 1376 2,BOUW FINDER,NL 9219 6711 4,JANS 850,NL 6633 1098 0 (60),KIK Stonehenge,NL 7164 5497 5,JANS 2,NL 8974 0747 8 (78),0.82,NLDM000632591910,2019,ZB,VDR Saul Hudson,BARCLEY,BIG MALKI,39969,72,915,,,0.26,0.2,107,104,100,103,107,99,94,366,,,,,,100,,,,105,105,,,,,,,,110,101,101,,,,,,,,,,TRUE,,,,,FALSE,2,1
21,561,651,1281,VDR Saul Hudson,ZB,,BRAKELS FINALE,NL 7563 1376 2,BOUW FINDER,NL 9219 6711 4,JANS 850,NL 6633 1098 0 (60),KIK Stonehenge,NL 7164 5497 5,JANS 2,NL 8974 0747 8 (78),0.92,NLDM000887310382,2014,ZB,Topspeed Samoa,Hoekland Maik,Stadel-Red,361006,97,342,16,16,0.04,0.01,105,102,99,101,103,96,101,104,54,83,136,102,101,103,96,102,98,102,99,96,102,94,97,107,101,97,100,100,96,105,104,98,96,105,95,101,93,95,,,,,,FALSE,2,2
23,516,651,0959,VDR Saul Hudson,ZB,,BLACK VINCENT,NL 7579 1387 3,VAN GOGH,DE 15020 85116,ANNIE 91,NL 4987 0634 9 (13),CORPORAL,NL 4691 0884 0,ANNIE 86,NL 3879 0208 3 (24),0.82,NLDM000632591910,2019,ZB,VDR Saul Hudson,BARCLEY,BIG MALKI,39969,72,915,,,0.26,0.2,107,104,100,103,107,99,94,366,,,,,,100,,,,105,105,,,,,,,,110,101,101,,,,,,,,,,TRUE,,,,,FALSE,2,1
23,561,651,0959,VDR Saul Hudson,ZB,,BLACK VINCENT,NL 7579 1387 3,VAN GOGH,DE 15020 85116,ANNIE 91,NL 4987 0634 9 (13),CORPORAL,NL 4691 0884 0,ANNIE 86,NL 3879 0208 3 (24),0.92,NLDM000887310382,2014,ZB,Topspeed Samoa,Hoekland Maik,Stadel-Red,361006,97,342,16,16,0.04,0.01,105,102,99,101,103,96,101,104,54,83,136,102,101,103,96,102,98,102,99,96,102,94,97,107,101,97,100,100,96,105,104,98,96,105,95,101,93,95,,,,,,FALSE,2,2
26,516,651,1325,VDR Saul Hudson,ZB,,LAMBADA,NL 7144 6121 4,NOVA STAR-RED,NL 6333 2799 8,METRIET,NL 6633 1124 8 (12),T BROOK NO CLAIM,NL 6396 7747 1,67,NL 7546 0933 5 (67),0.82,NLDM000632591910,2019,ZB,VDR Saul Hudson,BARCLEY,BIG MALKI,39969,72,915,,,0.26,0.2,107,104,100,103,107,99,94,366,,,,,,100,,,,105,105,,,,,,,,110,101,101,,,,,,,,,,TRUE,,,,,FALSE,2,1
26,561,651,1325,VDR Saul Hudson,ZB,,LAMBADA,NL 7144 6121 4,NOVA STAR-RED,NL 6333 2799 8,METRIET,NL 6633 1124 8 (12),T BROOK NO CLAIM,NL 6396 7747 1,67,NL 7546 0933 5 (67),0.92,NLDM000887310382,2014,ZB,Topspeed Samoa,Hoekland Maik,Stadel-Red,361006,97,342,16,16,0.04,0.01,105,102,99,101,103,96,101,104,54,83,136,102,101,103,96,102,98,102,99,96,102,94,97,107,101,97,100,100,96,105,104,98,96,105,95,101,93,95,,,,,,FALSE,2,2
60,516,651,1098,VDR Saul Hudson,ZB,,KIK Stonehenge,NL 7164 5497 5,CORDES-MAID STONEWALL,US137804641,JANS 2,NL 8974 0747 8 (78),EASTLAND VIGGO,NL 5276 7200 9,JANS 839,NL 3770 4139 0 (76),0.82,NLDM000632591910,2019,ZB,VDR Saul Hudson,BARCLEY,BIG MALKI,39969,72,915,,,0.26,0.2,107,104,100,103,107,99,94,366,,,,,,100,,,,105,105,,,,,,,,110,101,101,,,,,,,,,,TRUE,,,,,FALSE,2,1
60,561,651,1098,VDR Saul Hudson,ZB,,KIK Stonehenge,NL 7164 5497 5,CORDES-MAID STONEWALL,US137804641,JANS 2,NL 8974 0747 8 (78),EASTLAND VIGGO,NL 5276 7200 9,JANS 839,NL 3770 4139 0 (76),0.92,NLDM000887310382,2014,ZB,Topspeed Samoa,Hoekland Maik,Stadel-Red,361006,97,342,16,16,0.04,0.01,105,102,99,101,103,96,101,104,54,83,136,102,101,103,96,102,98,102,99,96,102,94,97,107,101,97,100,100,96,105,104,98,96,105,95,101,93,95,,,,,,FALSE,2,2
77,516,651,1343,VDR Saul Hudson,ZB,,ADORI,NL 7335 5798 1,STANTONS ADORABLE,CA12189047,JANS 2,NL 8974 0747 8 (78),EASTLAND VIGGO,NL 5276 7200 9,JANS 839,NL 3770 4139 0 (76),0.82,NLDM000632591910,2019,ZB,VDR Saul Hudson,BARCLEY,BIG MALKI,39969,72,915,,,0.26,0.2,107,104,100,103,107,99,94,366,,,,,,100,,,,105,105,,,,,,,,110,101,101,,,,,,,,,,TRUE,,,,,FALSE,2,1
77,561,651,1343,VDR Saul Hudson,ZB,,ADORI,NL 7335 5798 1,STANTONS ADORABLE,CA12189047,JANS 2,NL 8974 0747 8 (78),EASTLAND VIGGO,NL 5276 7200 9,JANS 839,NL 3770 4139 0 (76),0.92,NLDM000887310382,2014,ZB,Topspeed Samoa,Hoekland Maik,Stadel-Red,361006,97,342,16,16,0.04,0.01,105,102,99,101,103,96,101,104,54,83,136,102,101,103,96,102,98,102,99,96,102,94,97,107,101,97,100,100,96,105,104,98,96,105,95,101,93,95,,,,,,FALSE,2,2
1420,516,651,1420,VDR Saul Hudson,ZB,,RICOLM,NL 7485 8354 2,APINA MALCOLM,NL 7515 1971 4,MARIJKE 35,NL 6648 1205 2 (104),NUDAN,NL 7249 1558 1,MARIJKE 28,NL 7546 0930 4 (26),0.82,NLDM000632591910,2019,ZB,VDR Saul Hudson,BARCLEY,BIG MALKI,39969,72,915,,,0.26,0.2,107,104,100,103,107,99,94,366,,,,,,100,,,,105,105,,,,,,,,110,101,101,,,,,,,,,,TRUE,,,,,FALSE,2,1
1420,561,651,1420,VDR Saul Hudson,ZB,,RICOLM,NL 7485 8354 2,APINA MALCOLM,NL 7515 1971 4,MARIJKE 35,NL 6648 1205 2 (104),NUDAN,NL 7249 1558 1,MARIJKE 28,NL 7546 0930 4 (26),0.92,NLDM000887310382,2014,ZB,Topspeed Samoa,Hoekland Maik,Stadel-Red,361006,97,342,16,16,0.04,0.01,105,102,99,101,103,96,101,104,54,83,136,102,101,103,96,102,98,102,99,96,102,94,97,107,101,97,100,100,96,105,104,98,96,105,95,101,93,95,,,,,,FALSE,2,2
1465,516,651,1465,,ZB,,MOTIF,NL 7510 8999 0,MOUNTFIELD SSI DCY MOGUL,US3006972816,VRIJBUITER,NL 6648 1167 9 (56),BIG WINNER,NL 4297 5958 3,BUNNY 254,NL 7587 1036 9 (81),0.82,NLDM000632591910,2019,ZB,VDR Saul Hudson,BARCLEY,BIG MALKI,39969,72,915,,,0.26,0.2,107,104,100,103,107,99,94,366,,,,,,100,,,,105,105,,,,,,,,110,101,101,,,,,,,,,,TRUE,,,,,FALSE,2,1
1465,561,651,1465,,ZB,,MOTIF,NL 7510 8999 0,MOUNTFIELD SSI DCY MOGUL,US3006972816,VRIJBUITER,NL 6648 1167 9 (56),BIG WINNER,NL 4297 5958 3,BUNNY 254,NL 7587 1036 9 (81),0.92,NLDM000887310382,2014,ZB,Topspeed Samoa,Hoekland Maik,Stadel-Red,361006,97,342,16,16,0.04,0.01,105,102,99,101,103,96,101,104,54,83,136,102,101,103,96,102,98,102,99,96,102,94,97,107,101,97,100,100,96,105,104,98,96,105,95,101,93,95,,,,,,FALSE,2,2
4,516,564,1376,VDR Saul Hudson,ZB,,PLATAAN KJELD,NL 7639 8895 7,SIRIO,LU399442870,JACOBINE 7,NL 7587 1085 7 (75),HEUVEL DENSWILL,NL 8729 5343 7,JACOBINE 2,NL 7546 0888 2 (73),0.76,NLDM000632591910,2019,ZB,VDR Saul Hudson,BARCLEY,BIG MALKI,39969,72,915,,,0.26,0.2,107,104,100,103,107,99,94,366,,,,,,100,,,,105,105,,,,,,,,110,101,101,,,,,,,,,,TRUE,,,,,FALSE,3,1
4,546,564,1376,VDR Saul Hudson,ZB,,PLATAAN KJELD,NL 7639 8895 7,SIRIO,LU399442870,JACOBINE 7,NL 7587 1085 7 (75),HEUVEL DENSWILL,NL 8729 5343 7,JACOBINE 2,NL 7546 0888 2 (73),0.95,NLDM000737132388,2013,ZB,Vvh Repairman,Hoekland Maik,Flevo Genetics Snowman,36962,99,326,15,39,0.04,0.27,100,102,99,103,103,97,96,146,74,89,136,101,102,103,99,104,99,108,104,98,110,104,102,109,97,97,106,101,100,111,109,98,93,109,99,103,95,96,,,TRUE,,,FALSE,3,2
4,561,564,1376,VDR Saul Hudson,ZB,,PLATAAN KJELD,NL 7639 8895 7,SIRIO,LU399442870,JACOBINE 7,NL 7587 1085 7 (75),HEUVEL DENSWILL,NL 8729 5343 7,JACOBINE 2,NL 7546 0888 2 (73),0.87,NLDM000887310382,2014,ZB,Topspeed Samoa,Hoekland Maik,Stadel-Red,361006,97,342,16,16,0.04,0.01,105,102,99,101,103,96,101,104,54,83,136,102,101,103,96,102,98,102,99,96,102,94,97,107,101,97,100,100,96,105,104,98,96,105,95,101,93,95,,,,,,FALSE,3,3
39,516,564,1339,VDR Saul Hudson,ZB,,DE VLOG ELMAR,NL 6250 4239 3,BASTA,DE 03576 08923,MARIJKE 32,NL 7587 1066 2 (15),BIG WINNER,NL 4297 5958 3,MARIJKE 28,NL 7546 0930 4 (26),0.76,NLDM000632591910,2019,ZB,VDR Saul Hudson,BARCLEY,BIG MALKI,39969,72,915,,,0.26,0.2,107,104,100,103,107,99,94,366,,,,,,100,,,,105,105,,,,,,,,110,101,101,,,,,,,,,,TRUE,,,,,FALSE,3,1
39,546,564,1339,VDR Saul Hudson,ZB,,DE VLOG ELMAR,NL 6250 4239 3,BASTA,DE 03576 08923,MARIJKE 32,NL 7587 1066 2 (15),BIG WINNER,NL 4297 5958 3,MARIJKE 28,NL 7546 0930 4 (26),0.95,NLDM000737132388,2013,ZB,Vvh Repairman,Hoekland Maik,Flevo Genetics Snowman,36962,99,326,15,39,0.04,0.27,100,102,99,103,103,97,96,146,74,89,136,101,102,103,99,104,99,108,104,98,110,104,102,109,97,97,106,101,100,111,109,98,93,109,99,103,95,96,,,TRUE,,,FALSE,3,2
39,561,564,1339,VDR Saul Hudson,ZB,,DE VLOG ELMAR,NL 6250 4239 3,BASTA,DE 03576 08923,MARIJKE 32,NL 7587 1066 2 (15),BIG WINNER,NL 4297 5958 3,MARIJKE 28,NL 7546 0930 4 (26),0.87,NLDM000887310382,2014,ZB,Topspeed Samoa,Hoekland Maik,Stadel-Red,361006,97,342,16,16,0.04,0.01,105,102,99,101,103,96,101,104,54,83,136,102,101,103,96,102,98,102,99,96,102,94,97,107,101,97,100,100,96,105,104,98,96,105,95,101,93,95,,,,,,FALSE,3,3
76,516,564,1379,VDR Saul Hudson,ZB,,RACOON,NL 6229 2303 3,MAGISTER,NL 9342 7452 2,JACOBINE 2,NL 7546 0888 2 (73),OLHOOFSTER LOCO,NL 8858 2288 5,JACOBINE,NL 5293 0648 9 (32),0.76,NLDM000632591910,2019,ZB,VDR Saul Hudson,BARCLEY,BIG MALKI,39969,72,915,,,0.26,0.2,107,104,100,103,107,99,94,366,,,,,,100,,,,105,105,,,,,,,,110,101,101,,,,,,,,,,TRUE,,,,,FALSE,3,1
76,546,564,1379,VDR Saul Hudson,ZB,,RACOON,NL 6229 2303 3,MAGISTER,NL 9342 7452 2,JACOBINE 2,NL 7546 0888 2 (73),OLHOOFSTER LOCO,NL 8858 2288 5,JACOBINE,NL 5293 0648 9 (32),0.95,NLDM000737132388,2013,ZB,Vvh Repairman,Hoekland Maik,Flevo Genetics Snowman,36962,99,326,15,39,0.04,0.27,100,102,99,103,103,97,96,146,74,89,136,101,102,103,99,104,99,108,104,98,110,104,102,109,97,97,106,101,100,111,109,98,93,109,99,103,95,96,,,TRUE,,,FALSE,3,2
76,561,564,1379,VDR Saul Hudson,ZB,,RACOON,NL 6229 2303 3,MAGISTER,NL 9342 7452 2,JACOBINE 2,NL 7546 0888 2 (73),OLHOOFSTER LOCO,NL 8858 2288 5,JACOBINE,NL 5293 0648 9 (32),0.87,NLDM000887310382,2014,ZB,Topspeed Samoa,Hoekland Maik,Stadel-Red,361006,97,342,16,16,0.04,0.01,105,102,99,101,103,96,101,104,54,83,136,102,101,103,96,102,98,102,99,96,102,94,97,107,101,97,100,100,96,105,104,98,96,105,95,101,93,95,,,,,,FALSE,3,3
83,516,564,1261,VDR Saul Hudson,ZB,,BIG WINNER,NL 4297 5958 3,ART-ACRES WIN 395,NL 9701 1831 2,ROZA 71,NL 6633 1114 7 (13),MARWIL WAKE UP,NL 9460 0013 1,ROZA 67,NL 9442 0849 2 (84),0.76,NLDM000632591910,2019,ZB,VDR Saul Hudson,BARCLEY,BIG MALKI,39969,72,915,,,0.26,0.2,107,104,100,103,107,99,94,366,,,,,,100,,,,105,105,,,,,,,,110,101,101,,,,,,,,,,TRUE,,,,,FALSE,3,1
83,546,564,1261,VDR Saul Hudson,ZB,,BIG WINNER,NL 4297 5958 3,ART-ACRES WIN 395,NL 9701 1831 2,ROZA 71,NL 6633 1114 7 (13),MARWIL WAKE UP,NL 9460 0013 1,ROZA 67,NL 9442 0849 2 (84),0.95,NLDM000737132388,2013,ZB,Vvh Repairman,Hoekland Maik,Flevo Genetics Snowman,36962,99,326,15,39,0.04,0.27,100,102,99,103,103,97,96,146,74,89,136,101,102,103,99,104,99,108,104,98,110,104,102,109,97,97,106,101,100,111,109,98,93,109,99,103,95,96,,,TRUE,,,FALSE,3,2
83,561,564,1261,VDR Saul Hudson,ZB,,BIG WINNER,NL 4297 5958 3,ART-ACRES WIN 395,NL 9701 1831 2,ROZA 71,NL 6633 1114 7 (13),MARWIL WAKE UP,NL 9460 0013 1,ROZA 67,NL 9442 0849 2 (84),0.87,NLDM000887310382,2014,ZB,Topspeed Samoa,Hoekland Maik,Stadel-Red,361006,97,342,16,16,0.04,0.01,105,102,99,101,103,96,101,104,54,83,136,102,101,103,96,102,98,102,99,96,102,94,97,107,101,97,100,100,96,105,104,98,96,105,95,101,93,95,,,,,,FALSE,3,3
1383,516,564,1383,VDR Saul Hudson,ZB,,SKYHIGH,NL 7144 6188 9,ACCORD,NL 7216 4544 5,BETJE 77,NL 7587 1029 9 (40),MASTENBROEKER LEO,NL 8936 1259 7,BETJE 60,NL 5293 0675 1 (34),0.76,NLDM000632591910,2019,ZB,VDR Saul Hudson,BARCLEY,BIG MALKI,39969,72,915,,,0.26,0.2,107,104,100,103,107,99,94,366,,,,,,100,,,,105,105,,,,,,,,110,101,101,,,,,,,,,,TRUE,,,,,FALSE,3,1
1383,546,564,1383,VDR Saul Hudson,ZB,,SKYHIGH,NL 7144 6188 9,ACCORD,NL 7216 4544 5,BETJE 77,NL 7587 1029 9 (40),MASTENBROEKER LEO,NL 8936 1259 7,BETJE 60,NL 5293 0675 1 (34),0.95,NLDM000737132388,2013,ZB,Vvh Repairman,Hoekland Maik,Flevo Genetics Snowman,36962,99,326,15,39,0.04,0.27,100,102,99,103,103,97,96,146,74,89,136,101,102,103,99,104,99,108,104,98,110,104,102,109,97,97,106,101,100,111,109,98,93,109,99,103,95,96,,,TRUE,,,FALSE,3,2
1383,561,564,1383,VDR Saul Hudson,ZB,,SKYHIGH,NL 7144 6188 9,ACCORD,NL 7216 4544 5,BETJE 77,NL 7587 1029 9 (40),MASTENBROEKER LEO,NL 8936 1259 7,BETJE 60,NL 5293 0675 1 (34),0.87,NLDM000887310382,2014,ZB,Topspeed Samoa,Hoekland Maik,Stadel-Red,361006,97,342,16,16,0.04,0.01,105,102,99,101,103,96,101,104,54,83,136,102,101,103,96,102,98,102,99,96,102,94,97,107,101,97,100,100,96,105,104,98,96,105,95,101,93,95,,,,,,FALSE,3,3
6,546,465,1147,Vvh Repairman,ZB,,BIG WINNER,NL 4297 5958 3,ART-ACRES WIN 395,NL 9701 1831 2,BETJE 78,NL 7587 1030 7 (41),MASTENBROEKER LEO,NL 8936 1259 7,BETJE 60,NL 5293 0675 1 (34),0.78,NLDM000737132388,2013,ZB,Vvh Repairman,Hoekland Maik,Flevo Genetics Snowman,36962,99,326,15,39,0.04,0.27,100,102,99,103,103,97,96,146,74,89,136,101,102,103,99,104,99,108,104,98,110,104,102,109,97,97,106,101,100,111,109,98,93,109,99,103,95,96,,,TRUE,,,FALSE,1,1
44,546,465,0906,Vvh Repairman,ZB,,FEARLESS,NL 5379 5800 3,CRACKHOLM FEVER,CA103631566,JANS 839,NL 3770 4139 0 (76),,,JANS 792,NL 3483 4092 7 S,0.78,NLDM000737132388,2013,ZB,Vvh Repairman,Hoekland Maik,Flevo Genetics Snowman,36962,99,326,15,39,0.04,0.27,100,102,99,103,103,97,96,146,74,89,136,101,102,103,99,104,99,108,104,98,110,104,102,109,97,97,106,101,100,111,109,98,93,109,99,103,95,96,,,TRUE,,,FALSE,1,1
94,546,465,1269,Vvh Repairman,ZB,,BIG MINDSET,NL 6219 7556 9,JETSET,FR5632667935,AGAAT 53,NL 6664 0993 3 (33),BIG WINNER,NL 4297 5958 3,AGAAT 44,NL 7546 0868 0 (25),0.78,NLDM000737132388,2013,ZB,Vvh Repairman,Hoekland Maik,Flevo Genetics Snowman,36962,99,326,15,39,0.04,0.27,100,102,99,103,103,97,96,146,74,89,136,101,102,103,99,104,99,108,104,98,110,104,102,109,97,97,106,101,100,111,109,98,93,109,99,103,95,96,,,TRUE,,,FALSE,1,1
